"ROW_ID"	"ROW_VERSION"	"pair_barcode"	"cellularity"	"ploidy"	"slpp"
"1"	"1"	"GLSS-DK-0004-TP-01-NB-01D-WXS"	"0.87"	"2.6"	"0.991383781656046"
"2"	"1"	"TCGA-06-0211-TP-01-NB-01D-WXS"	"0.87"	"2.6"	"0.985251870970893"
"3"	"1"	"GLSS-SF-0010-R1-01-NM-01D-WXS"	"0.96"	"2.1"	"0.984656657102511"
"4"	"1"	"TCGA-06-0125-TP-01-NB-01D-WGS"	"0.88"	"2.5"	"0.98378328291088"
"5"	"1"	"GLSS-SF-0001-R1-01-NM-01D-WXS"	"0.92"	"2"	"0.970520268775335"
"6"	"1"	"GLSS-MD-0094-R1-01-NB-01D-WXS"	"0.8"	"2.2"	"0.963699918490173"
"7"	"1"	"TCGA-DU-6404-R2-11-NB-01D-WGS"	"0.98"	"2.1"	"0.963627950426204"
"8"	"1"	"GLSS-SM-R070-R1-01-NB-01D-WXS"	"0.95"	"2.5"	"0.955671843632633"
"9"	"1"	"GLSS-CU-R006-R1-01-NB-01D-WXS"	"0.83"	"2.1"	"0.95168252236126"
"10"	"1"	"GLSS-DF-0014-R1-01-NB-01D-WXS"	"0.34"	"4.9"	"0.949545111769799"
"11"	"1"	"TCGA-DU-6407-R2-11-NB-01D-WGS"	"0.85"	"2.4"	"0.944396348798925"
"12"	"1"	"GLSS-HK-0002-R1-01-NB-01D-WXS"	"0.93"	"2.2"	"0.917478268467659"
"13"	"1"	"GLSS-HK-0002-R1-01-NB-01D-WGS"	"0.93"	"2.2"	"0.907638783909614"
"14"	"1"	"GLSS-19-0279-R1-01-NB-01D-WXS"	"0.98"	"2.7"	"0.904405761318408"
"15"	"1"	"GLSS-NS-0001-R2-01-NB-01D-WGS"	"0.76"	"2.3"	"0.895204743883764"
"16"	"1"	"GLSS-SM-R108-R1-01-NB-01D-WXS"	"0.92"	"2"	"0.892866661534575"
"17"	"1"	"TCGA-06-0211-TP-01-NB-01D-WGS"	"0.66"	"3.3"	"0.887140562717383"
"18"	"1"	"GLSS-SF-0069-R1-01-NB-01D-WXS"	"0.91"	"2"	"0.884081721431891"
"19"	"1"	"GLSS-DK-0004-R1-01-NB-01D-WXS"	"0.8"	"5"	"0.87435189718748"
"20"	"1"	"GLSS-LU-0B12-R1-01-NB-01D-WXS"	"0.7"	"2.4"	"0.845807217116765"
"21"	"1"	"TCGA-14-1402-R1-01-NB-01D-WGS"	"0.84"	"2.4"	"0.841253149495725"
"22"	"1"	"GLSS-SM-R110-R1-01-NB-01D-WXS"	"0.75"	"2"	"0.84106641802252"
"23"	"1"	"GLSS-19-0278-TP-01-NB-01D-WXS"	"0.73"	"2.1"	"0.840088398449565"
"24"	"1"	"TCGA-DU-6404-R2-11-NB-01D-WXS"	"0.98"	"2.2"	"0.833118458899226"
"25"	"1"	"TCGA-06-0125-TP-01-NB-01D-WXS"	"0.87"	"2.4"	"0.8308880360936"
"26"	"1"	"TCGA-DU-6397-R1-12-NB-01D-WXS"	"0.9"	"2.1"	"0.817619897306505"
"27"	"1"	"TCGA-DU-7304-R1-12-NB-01D-WGS"	"0.94"	"2.2"	"0.815784443268867"
"28"	"1"	"GLSS-HF-3081-R2-01-NB-01D-WXS"	"0.94"	"5.2"	"0.81553036854956"
"29"	"1"	"GLSS-SM-R101-TP-01-NB-01D-WXS"	"0.83"	"2.5"	"0.809270232037645"
"30"	"1"	"GLSS-CU-R015-TP-01-NB-01D-WXS"	"0.92"	"2.3"	"0.788135975566452"
"31"	"1"	"GLSS-SU-0001-R1-01-NB-01D-WXS"	"0.91"	"2"	"0.782291509914904"
"32"	"1"	"GLSS-SF-0021-R1-01-NB-01D-WXS"	"0.78"	"4.4"	"0.781963401039124"
"33"	"1"	"GLSS-SF-0008-R1-01-NM-01D-WXS"	"0.86"	"2.1"	"0.781212697488892"
"34"	"1"	"GLSS-HK-0001-R1-01-NB-01D-WGS"	"0.68"	"3.4"	"0.77858227732348"
"35"	"1"	"GLSS-MD-0012-R1-01-NB-01D-WGS"	"0.66"	"2.2"	"0.774026261295587"
"36"	"1"	"GLSS-LU-00C7-R1-01-NB-01D-WXS"	"0.9"	"2.6"	"0.764278360418524"
"37"	"1"	"GLSS-SM-R107-R1-02-NB-01D-WXS"	"0.77"	"3.5"	"0.760147935719869"
"38"	"1"	"TCGA-DU-6407-R2-11-NB-01D-WXS"	"0.86"	"2.3"	"0.756442796303592"
"39"	"1"	"GLSS-CU-R014-TP-01-NB-01D-WXS"	"0.6"	"2.3"	"0.750003938908613"
"40"	"1"	"GLSS-HK-0004-R1-01-NB-01D-WGS"	"0.81"	"1.9"	"0.733831032897875"
"41"	"1"	"GLSS-LU-0B13-R1-01-NB-01D-WXS"	"0.73"	"2.2"	"0.724015462810109"
"42"	"1"	"TCGA-14-1402-TP-01-NB-01D-WGS"	"0.77"	"2.7"	"0.715253484835987"
"43"	"1"	"GLSS-MD-0020-R1-01-NB-01D-WGS"	"0.71"	"3.3"	"0.711045969587398"
"44"	"1"	"GLSS-HK-0004-TP-01-NB-01D-WGS"	"0.95"	"2.1"	"0.710813667760677"
"45"	"1"	"GLSS-DF-0003-TP-01-NB-01D-WXS"	"0.87"	"2.9"	"0.7061389199755"
"46"	"1"	"GLSS-CU-R019-TP-01-NB-01D-WXS"	"0.67"	"2"	"0.699566151656732"
"47"	"1"	"TCGA-06-0211-R1-02-NB-01D-WGS"	"0.73"	"3.1"	"0.697682825674129"
"48"	"1"	"GLSS-CU-R015-R1-01-NB-01D-WXS"	"0.74"	"2.2"	"0.694493064837249"
"49"	"1"	"GLSS-SU-0270-R2-01-NB-01D-WXS"	"0.98"	"2.2"	"0.691049853786725"
"50"	"1"	"GLSS-SM-R105-R2-01-NB-01D-WXS"	"0.91"	"2.6"	"0.686733382912809"
"51"	"1"	"GLSS-SF-0018-R1-01-NB-01D-WXS"	"0.86"	"2"	"0.683403616487374"
"52"	"1"	"GLSS-AT-00P5-R1-01-NB-01D-WXS"	"0.84"	"4.3"	"0.682884569351059"
"53"	"1"	"TCGA-FG-A4MT-TP-11-NB-01D-WGS"	"0.91"	"2"	"0.678188972671138"
"54"	"1"	"GLSS-DF-0013-TP-01-NB-01D-WXS"	"0.65"	"2.8"	"0.674014009833507"
"55"	"1"	"GLSS-SM-R072-TP-01-NB-01D-WXS"	"0.84"	"2.9"	"0.670408979774721"
"56"	"1"	"GLSS-SM-R099-TP-01-NB-01D-WXS"	"0.87"	"2.3"	"0.664226061477724"
"57"	"1"	"GLSS-SF-0024-R2-01-NB-01D-WXS"	"0.76"	"2.3"	"0.66372925486979"
"58"	"1"	"GLSS-SU-0003-TP-01-NB-01D-WXS"	"0.91"	"2"	"0.653969596640992"
"59"	"1"	"GLSS-DK-0013-TP-01-NB-01D-WXS"	"0.92"	"4.3"	"0.652962045893606"
"60"	"1"	"GLSS-MD-0045-R1-01-NB-01D-WGS"	"0.68"	"2.6"	"0.65172226976848"
"61"	"1"	"GLSS-DK-0007-R1-01-NB-01D-WXS"	"0.87"	"2.4"	"0.650094157403871"
"62"	"1"	"TCGA-19-4065-R1-11-NB-01D-WXS"	"0.48"	"2.6"	"0.645324403706516"
"63"	"1"	"GLSS-SF-0005-R1-01-NB-01D-WXS"	"0.78"	"2.1"	"0.643658798158272"
"64"	"1"	"GLSS-HF-3081-TP-01-NB-01D-WXS"	"0.84"	"3.6"	"0.641073599224513"
"65"	"1"	"TCGA-19-1389-R1-21-NB-01D-WGS"	"0.6"	"2"	"0.63564472510659"
"66"	"1"	"TCGA-06-0210-TP-01-NB-01D-WGS"	"0.69"	"2.2"	"0.626366800957297"
"67"	"1"	"GLSS-MD-0082-R1-01-NB-01D-WXS"	"0.9"	"2.2"	"0.623642767749178"
"68"	"1"	"TCGA-DH-A669-R1-11-NB-01D-WXS"	"0.82"	"3.5"	"0.620560394252071"
"69"	"1"	"GLSS-SM-R062-R1-01-NB-01D-WXS"	"0.84"	"4.2"	"0.619771637757128"
"70"	"1"	"GLSS-CU-R012-R1-01-NB-01D-WXS"	"0.89"	"4.3"	"0.612486233234612"
"71"	"1"	"TCGA-DU-6407-R1-12-NB-01D-WGS"	"0.76"	"2.2"	"0.609464321696644"
"72"	"1"	"TCGA-DU-5870-R1-12-NB-01D-WXS"	"0.89"	"2.1"	"0.608661139041511"
"73"	"1"	"TCGA-FG-5965-R1-11-NB-01D-WGS"	"0.68"	"2"	"0.60146780151117"
"74"	"1"	"TCGA-06-0125-R1-11-NB-01D-WGS"	"0.59"	"2.3"	"0.600314014945353"
"75"	"1"	"GLSS-MD-0083-R1-01-NB-01D-WXS"	"0.85"	"2"	"0.59606970499025"
"76"	"1"	"GLSS-HF-3118-TP-01-NB-01D-WXS"	"0.83"	"2.4"	"0.595998670542846"
"77"	"1"	"GLSS-HK-0001-TP-01-NB-01D-WGS"	"0.74"	"3.2"	"0.594343874442069"
"78"	"1"	"GLSS-AT-00P3-R1-01-NB-01D-WXS"	"0.78"	"2.8"	"0.591416566845552"
"79"	"1"	"GLSS-AT-GP01-R1-02-NB-01D-WXS"	"0.73"	"2"	"0.590519315352019"
"80"	"1"	"GLSS-MD-0042-R1-01-NB-01D-WGS"	"0.71"	"2"	"0.589999726233986"
"81"	"1"	"GLSS-MD-0138-R1-01-NB-01D-WXS"	"0.84"	"3.5"	"0.58723807575023"
"82"	"1"	"GLSS-SM-R110-TP-01-NB-01D-WXS"	"0.74"	"2"	"0.586059173752215"
"83"	"1"	"GLSS-DK-0014-TP-01-NB-01D-WXS"	"0.9"	"4.4"	"0.585149959745957"
"84"	"1"	"TCGA-14-1034-TP-01-NB-01D-WGS"	"0.7"	"2.1"	"0.584832490301055"
"85"	"1"	"TCGA-06-0190-TP-01-NB-01D-WGS"	"0.59"	"2.1"	"0.58384485350811"
"86"	"1"	"GLSS-MD-0036-R1-01-NB-01D-WGS"	"0.68"	"2.8"	"0.582761453006422"
"87"	"1"	"GLSS-MD-0023-R1-01-NB-01D-WGS"	"0.65"	"2.3"	"0.581688487506738"
"88"	"1"	"GLSS-CU-R008-TP-01-NB-01D-WXS"	"0.88"	"2.3"	"0.581574487958897"
"89"	"1"	"GLSS-DK-0002-R1-01-NB-01D-WXS"	"0.74"	"3.9"	"0.581086668614745"
"90"	"1"	"GLSS-SM-R100-TP-01-NB-01D-WXS"	"0.52"	"1.9"	"0.57861953607106"
"91"	"1"	"GLSS-DF-0007-TP-01-NB-01D-WXS"	"0.64"	"2.1"	"0.577344810109162"
"92"	"1"	"TCGA-06-0152-TP-02-NB-01D-WGS"	"0.38"	"6.8"	"0.576777153802402"
"93"	"1"	"TCGA-DU-6397-R1-12-NB-01D-WGS"	"0.9"	"2"	"0.572283587609311"
"94"	"1"	"GLSS-LU-0B13-TP-01-NB-01D-WXS"	"0.65"	"2.4"	"0.5710823224389"
"95"	"1"	"GLSS-CU-R013-TP-01-NB-01D-WXS"	"0.58"	"2"	"0.56929134152823"
"96"	"1"	"GLSS-CU-R001-TP-01-NB-01D-WXS"	"0.62"	"2.3"	"0.568980929867917"
"97"	"1"	"TCGA-DU-6397-TP-11-NB-01D-WGS"	"0.8"	"2"	"0.563785532691438"
"98"	"1"	"TCGA-DU-5870-R1-12-NB-01D-WGS"	"0.9"	"2"	"0.560108837870692"
"99"	"1"	"GLSS-SM-R064-R2-01-NB-01D-WXS"	"0.67"	"2.1"	"0.559082844993332"
"100"	"1"	"GLSS-MD-0038-R1-01-NB-01D-WGS"	"0.65"	"2.1"	"0.555530855864647"
"101"	"1"	"GLSS-DK-0003-R1-01-NB-01D-WXS"	"0.46"	"5.9"	"0.551360752867127"
"102"	"1"	"TCGA-DU-7304-R1-12-NB-01D-WXS"	"0.94"	"2.6"	"0.550121351629041"
"103"	"1"	"GLSS-SF-0015-R1-01-NM-01D-WXS"	"0.88"	"1.9"	"0.548143393659532"
"104"	"1"	"GLSS-MG-0009-R1-01-NM-01D-WXS"	"0.9"	"2.5"	"0.547231715148269"
"105"	"1"	"TCGA-06-0221-R1-11-NB-01D-WGS"	"0.8"	"2.1"	"0.546247030123473"
"106"	"1"	"GLSS-DF-0014-TP-01-NB-01D-WXS"	"0.92"	"5.7"	"0.545541260171273"
"107"	"1"	"GLSS-MG-0007-R2-01-NB-01D-WXS"	"0.73"	"1.8"	"0.54539424750671"
"108"	"1"	"GLSS-SM-R097-TP-01-NB-01D-WXS"	"0.91"	"4.1"	"0.545237545991509"
"109"	"1"	"GLSS-SM-R060-R1-01-NB-01D-WXS"	"0.71"	"2.6"	"0.542529648471832"
"110"	"1"	"GLSS-SM-R102-TP-01-NB-01D-WXS"	"0.86"	"2.3"	"0.542509775863259"
"111"	"1"	"GLSS-SM-R056-TP-01-NB-01D-WXS"	"0.87"	"2.3"	"0.541017642500318"
"112"	"1"	"GLSS-DK-0005-R1-01-NB-01D-WXS"	"0.61"	"2.4"	"0.54047568765187"
"113"	"1"	"GLSS-19-0271-TP-02-NB-03D-WXS"	"0.85"	"2.1"	"0.539899664707404"
"114"	"1"	"TCGA-DU-5870-TP-11-NB-01D-WGS"	"0.77"	"2"	"0.538908559848126"
"115"	"1"	"GLSS-SM-R104-TP-01-NB-01D-WXS"	"0.55"	"2"	"0.536153327795648"
"116"	"1"	"GLSS-SU-0002-R2-01-NB-01D-WXS"	"0.89"	"2.1"	"0.535279104827453"
"117"	"1"	"TCGA-14-1402-R1-02-NB-01D-WXS"	"0.82"	"2"	"0.532301948995185"
"118"	"1"	"GLSS-HK-0004-TP-01-NB-01D-WXS"	"0.91"	"4.3"	"0.532084183282612"
"119"	"1"	"GLSS-SM-R101-TP-02-NB-01D-WXS"	"0.78"	"2.1"	"0.527703539337992"
"120"	"1"	"GLSS-MD-0023-TP-01-NB-01D-WGS"	"0.79"	"3.5"	"0.526632593003994"
"121"	"1"	"GLSS-LU-0B12-TP-01-NB-01D-WXS"	"0.49"	"2.9"	"0.525086983396524"
"122"	"1"	"GLSS-MD-0038-TP-01-NB-01D-WGS"	"0.62"	"2.5"	"0.521992792981143"
"123"	"1"	"GLSS-MD-0045-TP-01-NB-01D-WGS"	"0.91"	"2.3"	"0.518031682482668"
"124"	"1"	"GLSS-DF-0006-R1-01-NB-01D-WXS"	"0.52"	"5.2"	"0.514287575480113"
"125"	"1"	"GLSS-19-0268-TP-02-NB-02D-WXS"	"0.9"	"3.4"	"0.514226598858372"
"126"	"1"	"GLSS-DF-0004-R1-01-NB-01D-WXS"	"0.53"	"2"	"0.513543220389621"
"127"	"1"	"GLSS-AT-GP01-R1-01-NB-01D-WXS"	"0.61"	"1.9"	"0.510775437227719"
"128"	"1"	"GLSS-SM-R107-R1-01-NB-01D-WXS"	"0.6"	"2.5"	"0.50990116354786"
"129"	"1"	"GLSS-DF-0010-TP-01-NB-01D-WXS"	"0.67"	"2.1"	"0.508879079155059"
"130"	"1"	"TCGA-DH-A669-R1-11-NB-01D-WGS"	"0.82"	"3.5"	"0.505604029685372"
"131"	"1"	"GLSS-SF-0028-R1-01-NB-01D-WXS"	"0.89"	"2.1"	"0.504904613675933"
"132"	"1"	"GLSS-DK-0012-TP-01-NB-01D-WXS"	"0.37"	"4.1"	"0.501033867554705"
"133"	"1"	"GLSS-SM-R066-TP-01-NB-01D-WXS"	"0.58"	"2.7"	"0.500615840128947"
"134"	"1"	"GLSS-NS-0001-M1-01-NB-01D-WGS"	"0.29"	"2.5"	"0.500555769314097"
"135"	"1"	"TCGA-DH-A669-TP-12-NB-01D-WGS"	"0.75"	"6.3"	"0.499199373250361"
"136"	"1"	"GLSS-MG-0006-TP-01-NB-01D-WXS"	"0.81"	"2.6"	"0.497029500242012"
"137"	"1"	"GLSS-HK-0003-R1-01-NB-01D-WGS"	"0.4"	"2"	"0.496833070503041"
"138"	"1"	"GLSS-19-0269-TP-01-NB-01D-WXS"	"0.86"	"3.1"	"0.493574304468918"
"139"	"1"	"GLSS-MD-LP04-TP-01-NB-01D-WXS"	"0.69"	"3.3"	"0.492738006947474"
"140"	"1"	"TCGA-FG-5963-TP-11-NB-01D-WXS"	"0.41"	"1.9"	"0.492397848309394"
"141"	"1"	"TCGA-FG-A4MT-TP-11-NB-01D-WXS"	"0.9"	"2"	"0.49168307591354"
"142"	"1"	"GLSS-HF-2919-R1-01-NB-01D-WXS"	"0.68"	"2.6"	"0.490376254419095"
"143"	"1"	"GLSS-19-0270-TP-01-NB-01D-WXS"	"0.7"	"2.3"	"0.489941543827311"
"144"	"1"	"GLSS-DF-0013-R1-01-NB-01D-WXS"	"0.47"	"2.2"	"0.487761479194777"
"145"	"1"	"TCGA-DU-6407-R1-12-NB-01D-WXS"	"0.76"	"2.3"	"0.484476946767612"
"146"	"1"	"GLSS-CU-R017-TP-01-NB-01D-WXS"	"0.68"	"2.3"	"0.484419767196937"
"147"	"1"	"GLSS-MD-0027-R2-01-NB-01D-WGS"	"0.89"	"2.1"	"0.48179879596828"
"148"	"1"	"GLSS-AT-GP01-TP-01-NB-01D-WXS"	"0.69"	"2"	"0.481427009550241"
"149"	"1"	"GLSS-SM-R072-R1-01-NB-01D-WXS"	"0.71"	"5.4"	"0.480740837641614"
"150"	"1"	"GLSS-AT-00P7-TP-01-NB-01D-WXS"	"0.53"	"2"	"0.478788211695278"
"151"	"1"	"GLSS-NS-0001-R1-01-NB-01D-WGS"	"0.49"	"2.8"	"0.477245469566812"
"152"	"1"	"GLSS-SU-0007-R1-01-NB-01D-WXS"	"0.89"	"2"	"0.475787539852955"
"153"	"1"	"GLSS-DK-0003-TP-01-NB-01D-WXS"	"0.45"	"2"	"0.474902943408778"
"154"	"1"	"GLSS-SM-R101-R1-02-NB-01D-WXS"	"0.73"	"2.1"	"0.468589084245854"
"155"	"1"	"GLSS-MD-0026-R1-01-NB-01D-WGS"	"0.64"	"2"	"0.468120040174513"
"156"	"1"	"GLSS-SM-R109-R1-01-NB-01D-WXS"	"0.65"	"2.1"	"0.468010860206408"
"157"	"1"	"GLSS-MG-0010-TP-01-NM-01D-WXS"	"0.79"	"2.1"	"0.467890203404352"
"158"	"1"	"GLSS-CU-R003-TP-01-NB-01D-WXS"	"0.7"	"2.1"	"0.467386736190601"
"159"	"1"	"GLSS-SM-R061-R1-01-NB-01D-WXS"	"0.85"	"2.5"	"0.46649095198192"
"160"	"1"	"TCGA-TQ-A8XE-TP-11-NB-01D-WGS"	"0.84"	"2.1"	"0.465841875715061"
"161"	"1"	"TCGA-TQ-A8XE-R1-11-NB-01D-WGS"	"0.87"	"2"	"0.465757148158725"
"162"	"1"	"GLSS-SU-0270-TP-01-NB-01D-WXS"	"0.89"	"2.1"	"0.464731143844367"
"163"	"1"	"GLSS-HK-0002-TP-01-NB-01D-WXS"	"0.58"	"2.2"	"0.461641038931334"
"164"	"1"	"GLSS-SU-0007-TP-01-NB-01D-WXS"	"0.84"	"2"	"0.457221446775782"
"165"	"1"	"TCGA-TQ-A8XE-TP-11-NB-01D-WXS"	"0.83"	"2.1"	"0.455039930116077"
"166"	"1"	"GLSS-MG-0002-R1-01-NM-01D-WXS"	"0.84"	"4.1"	"0.453272674183411"
"167"	"1"	"GLSS-MD-LP10-TP-01-NB-01D-WXS"	"0.83"	"2.4"	"0.453217756822657"
"168"	"1"	"GLSS-HK-0003-R1-01-NB-01D-WXS"	"0.39"	"2"	"0.451921482225533"
"169"	"1"	"GLSS-MD-0042-TP-01-NB-01D-WGS"	"0.68"	"2.3"	"0.451327701531791"
"170"	"1"	"GLSS-MD-0020-TP-01-NB-01D-WGS"	"0.82"	"4.1"	"0.451281943901656"
"171"	"1"	"GLSS-HF-2548-TP-01-NB-01D-WXS"	"0.78"	"2.4"	"0.451092002355877"
"172"	"1"	"TCGA-TQ-A8XE-R1-11-NB-01D-WXS"	"0.88"	"2"	"0.450679905903944"
"173"	"1"	"GLSS-SM-R060-R3-01-NB-01D-WXS"	"0.94"	"3.6"	"0.450651418179973"
"174"	"1"	"GLSS-SF-0010-TP-01-NM-01D-WXS"	"0.85"	"2.3"	"0.447157617355278"
"175"	"1"	"GLSS-19-0279-R2-01-NB-01D-WXS"	"0.96"	"2.9"	"0.446686085244926"
"176"	"1"	"GLSS-MG-0005-R1-01-NM-01D-WXS"	"0.89"	"3.4"	"0.44665171232606"
"177"	"1"	"GLSS-HF-2829-TP-01-NB-01D-WXS"	"0.8"	"2.6"	"0.446250398282941"
"178"	"1"	"GLSS-AT-00P2-R1-01-NB-01D-WXS"	"0.74"	"2.6"	"0.443424013333097"
"179"	"1"	"GLSS-MD-0014-TP-01-NB-01D-WGS"	"0.67"	"3"	"0.442291764882526"
"180"	"1"	"GLSS-CU-R004-R1-01-NB-01D-WXS"	"0.53"	"2.2"	"0.440244893644211"
"181"	"1"	"GLSS-CU-R005-R1-01-NB-01D-WXS"	"0.84"	"2.4"	"0.439014573663187"
"182"	"1"	"GLSS-SF-0026-TP-01-NB-01D-WXS"	"0.84"	"2.1"	"0.437725318874687"
"183"	"1"	"TCGA-06-0210-R1-01-NB-01D-WGS"	"0.57"	"3.8"	"0.437609126112586"
"184"	"1"	"GLSS-AT-GP01-R1-04-NB-01D-WXS"	"0.53"	"2.1"	"0.437472457772164"
"185"	"1"	"GLSS-19-0277-TP-01-NB-01D-WXS"	"0.41"	"2.2"	"0.437067347884729"
"186"	"1"	"GLSS-SF-0065-R1-01-NB-01D-WXS"	"0.51"	"5.9"	"0.434800446012059"
"187"	"1"	"GLSS-SM-R063-TP-01-NB-01D-WXS"	"0.25"	"2.4"	"0.434643118856542"
"188"	"1"	"GLSS-LU-0B10-R1-01-NB-01D-WXS"	"0.57"	"2.2"	"0.43405535571295"
"189"	"1"	"GLSS-SM-R057-TP-01-NB-01D-WXS"	"0.83"	"2.3"	"0.433880372511221"
"190"	"1"	"TCGA-DU-5870-TP-11-NB-01D-WXS"	"0.76"	"2"	"0.431922976023809"
"191"	"1"	"GLSS-CU-R005-TP-01-NB-01D-WXS"	"0.78"	"2.5"	"0.430941239710819"
"192"	"1"	"GLSS-19-0271-TP-01-NB-01D-WXS"	"0.68"	"2.2"	"0.430423316096058"
"193"	"1"	"GLSS-SF-0028-TP-01-NB-01D-WXS"	"0.83"	"2"	"0.429352531508361"
"194"	"1"	"GLSS-HF-3016-TP-01-NB-01D-WXS"	"0.88"	"5.7"	"0.427483981488249"
"195"	"1"	"GLSS-19-0274-R1-02-NB-01D-WXS"	"1"	"2.8"	"0.426886526401823"
"196"	"1"	"GLSS-SF-0058-TP-01-NB-01D-WXS"	"0.92"	"3"	"0.426747835984494"
"197"	"1"	"GLSS-MD-0017-R2-01-NB-01D-WGS"	"0.62"	"2"	"0.425206732745575"
"198"	"1"	"GLSS-HK-0002-TP-01-NB-01D-WGS"	"0.58"	"2.2"	"0.424003100073017"
"199"	"1"	"GLSS-MD-0135-R1-01-NB-01D-WXS"	"0.77"	"2.5"	"0.422011024605531"
"200"	"1"	"GLSS-MD-0018-R1-01-NB-01D-WGS"	"0.69"	"3.5"	"0.420273040073841"
"201"	"1"	"GLSS-SF-0020-R1-01-NB-01D-WXS"	"0.81"	"2"	"0.420187836773766"
"202"	"1"	"GLSS-DF-0006-TP-01-NB-01D-WXS"	"0.59"	"3.5"	"0.418882181593895"
"203"	"1"	"TCGA-FG-A4MT-R1-11-NB-01D-WGS"	"0.68"	"2"	"0.41798923112521"
"204"	"1"	"GLSS-SM-R070-TP-01-NB-01D-WXS"	"0.79"	"4.9"	"0.416407662992821"
"205"	"1"	"GLSS-MD-0025-R1-01-NB-01D-WGS"	"0.5"	"2.1"	"0.416007956049711"
"206"	"1"	"GLSS-CU-R009-R1-01-NB-01D-WXS"	"0.77"	"4"	"0.41552306885014"
"207"	"1"	"GLSS-MD-0090-R1-01-NB-01D-WXS"	"0.87"	"1.9"	"0.414929190759156"
"208"	"1"	"GLSS-19-0280-TP-01-NB-01D-WXS"	"0.88"	"2.9"	"0.41463693361497"
"209"	"1"	"GLSS-MG-0003-TP-01-NB-01D-WXS"	"0.88"	"3.2"	"0.410859528053389"
"210"	"1"	"GLSS-DK-0015-TP-01-NB-01D-WXS"	"0.85"	"1.9"	"0.409664703194059"
"211"	"1"	"GLSS-SF-0065-TP-01-NB-01D-WXS"	"0.3"	"1.9"	"0.409598195648351"
"212"	"1"	"GLSS-SF-0039-TP-01-NB-01D-WXS"	"0.71"	"2"	"0.408367473090841"
"213"	"1"	"GLSS-AT-00P1-TP-01-NB-01D-WXS"	"0.49"	"2.4"	"0.405084372692313"
"214"	"1"	"TCGA-DU-6397-TP-11-NB-01D-WXS"	"0.78"	"2"	"0.404649746682391"
"215"	"1"	"GLSS-MD-0116-R1-01-NM-01D-WXS"	"0.89"	"4.3"	"0.403679511676973"
"216"	"1"	"GLSS-MD-0006-TP-01-NB-01D-WGS"	"0.94"	"2.1"	"0.402198325016946"
"217"	"1"	"GLSS-MD-0097-R1-01-NB-01D-WXS"	"0.88"	"4.2"	"0.402062908171604"
"218"	"1"	"GLSS-DK-0008-TP-01-NB-01D-WXS"	"0.81"	"2.1"	"0.401625747311031"
"219"	"1"	"GLSS-SF-0020-TP-01-NB-01D-WXS"	"0.8"	"2"	"0.39900492232783"
"220"	"1"	"GLSS-SF-0018-TP-01-NB-01D-WXS"	"0.78"	"2.1"	"0.398172519763602"
"221"	"1"	"GLSS-MD-0022-TP-01-NB-01D-WGS"	"0.8"	"2.5"	"0.3963814215117"
"222"	"1"	"GLSS-CU-R016-R1-01-NB-01D-WXS"	"0.86"	"2.1"	"0.396179265690774"
"223"	"1"	"GLSS-19-0269-R1-02-NB-02D-WXS"	"0.56"	"2.6"	"0.395389916019414"
"224"	"1"	"GLSS-SF-0027-R1-01-NB-01D-WXS"	"0.82"	"2.1"	"0.395264970926829"
"225"	"1"	"GLSS-MD-0026-TP-01-NB-01D-WGS"	"0.7"	"2.2"	"0.393250105453621"
"226"	"1"	"GLSS-SF-0004-R1-01-NM-01D-WXS"	"0.85"	"2.1"	"0.391879267924132"
"227"	"1"	"GLSS-CU-R018-TP-01-NB-01D-WXS"	"0.64"	"2.6"	"0.391271642544951"
"228"	"1"	"GLSS-SM-R098-R2-01-NB-01D-WXS"	"0.42"	"4"	"0.391223288549282"
"229"	"1"	"GLSS-MD-LP01-R1-01-NB-01D-WXS"	"0.81"	"3.8"	"0.39001194221304"
"230"	"1"	"GLSS-SF-0017-R1-01-NB-01D-WXS"	"0.71"	"4.5"	"0.388979561124314"
"231"	"1"	"TCGA-06-0210-TP-01-NB-01D-WXS"	"0.45"	"2.3"	"0.388093852435043"
"232"	"1"	"GLSS-SM-R098-R1-01-NB-01D-WXS"	"0.7"	"3.8"	"0.386895240200992"
"233"	"1"	"GLSS-MG-0003-R1-01-NB-01D-WXS"	"0.75"	"2.5"	"0.38557501298346"
"234"	"1"	"GLSS-SF-0081-R1-01-NB-01D-WXS"	"0.88"	"2.4"	"0.384918503588392"
"235"	"1"	"GLSS-HF-2829-R1-01-NB-01D-WXS"	"0.58"	"2"	"0.384441689400439"
"236"	"1"	"GLSS-LU-00A1-TP-01-NB-01D-WXS"	"0.5"	"2.7"	"0.383164124042123"
"237"	"1"	"GLSS-MD-0030-R1-01-NB-01D-WGS"	"0.73"	"2"	"0.383058346932131"
"238"	"1"	"GLSS-CU-R002-R1-01-NB-01D-WXS"	"0.53"	"2.4"	"0.38054876140126"
"239"	"1"	"GLSS-AT-00P2-TP-01-NB-01D-WXS"	"0.7"	"2.7"	"0.378191036901995"
"240"	"1"	"TCGA-19-1389-TP-01-NB-01D-WGS"	"0.39"	"2.1"	"0.378036733168126"
"241"	"1"	"GLSS-MD-LP10-R1-01-NB-01D-WXS"	"0.79"	"2.2"	"0.377976249980823"
"242"	"1"	"GLSS-HF-2869-TP-01-NB-01D-WXS"	"0.24"	"4.3"	"0.377818933714005"
"243"	"1"	"TCGA-FG-A4MT-R1-11-NB-01D-WXS"	"0.67"	"2.1"	"0.375634271603693"
"244"	"1"	"GLSS-MD-0046-R1-01-NB-01D-WGS"	"0.44"	"2.5"	"0.373983409434117"
"245"	"1"	"GLSS-HK-0004-R1-01-NB-01D-WXS"	"0.59"	"5.7"	"0.373460140749581"
"246"	"1"	"GLSS-SM-R056-R2-01-NB-01D-WXS"	"0.85"	"4.2"	"0.371965847661137"
"247"	"1"	"GLSS-NS-0001-TP-01-NB-01D-WGS"	"0.51"	"1.9"	"0.370844231328471"
"248"	"1"	"GLSS-AT-GP01-R1-03-NB-01D-WXS"	"0.56"	"2.1"	"0.369677998411381"
"249"	"1"	"TCGA-06-0171-TP-02-NB-01D-WXS"	"0.37"	"6.2"	"0.36816651134999"
"250"	"1"	"GLSS-HK-0003-TP-02-NB-01D-WXS"	"0.34"	"2"	"0.368021406889749"
"251"	"1"	"GLSS-MD-0044-TP-01-NB-01D-WGS"	"0.82"	"2"	"0.367621397598324"
"252"	"1"	"TCGA-14-0736-TP-01-NB-01D-WXS"	"0.54"	"4"	"0.367377292894838"
"253"	"1"	"GLSS-AT-00P6-TP-01-NB-01D-WXS"	"0.79"	"2.5"	"0.366500336118352"
"254"	"1"	"GLSS-MD-0092-R1-01-NB-01D-WXS"	"0.89"	"2"	"0.366151727522519"
"255"	"1"	"GLSS-MD-0017-R1-01-NB-01D-WGS"	"0.6"	"2"	"0.365805777581417"
"256"	"1"	"TCGA-FG-5963-R1-12-NB-01D-WXS"	"0.71"	"3.9"	"0.363347236501445"
"257"	"1"	"GLSS-SF-0032-R1-01-NB-01D-WXS"	"0.64"	"2.2"	"0.362444589748521"
"258"	"1"	"TCGA-14-0736-R1-01-NB-01D-WXS"	"0.47"	"1.9"	"0.360364893794661"
"259"	"1"	"GLSS-MD-0025-TP-01-NB-01D-WGS"	"0.63"	"2.2"	"0.360011198638127"
"260"	"1"	"GLSS-SF-0026-R1-01-NB-01D-WXS"	"0.75"	"4"	"0.357741306776818"
"261"	"1"	"GLSS-MG-0015-R1-01-NB-01D-WXS"	"0.61"	"2.4"	"0.357545194828173"
"262"	"1"	"GLSS-SF-0025-TP-01-NB-01D-WXS"	"0.79"	"2.1"	"0.357498443675848"
"263"	"1"	"TCGA-DU-5872-TP-11-NB-01D-WGS"	"0.78"	"2.1"	"0.357266558024188"
"264"	"1"	"TCGA-06-0152-R1-01-NB-01D-WXS"	"0.74"	"2.6"	"0.356965484161861"
"265"	"1"	"GLSS-MD-0046-TP-01-NB-01D-WGS"	"0.77"	"3.3"	"0.356211671954166"
"266"	"1"	"GLSS-DK-0013-R1-01-NB-01D-WXS"	"0.72"	"3.2"	"0.354860419192023"
"267"	"1"	"TCGA-DH-A669-TP-12-NB-01D-WXS"	"0.75"	"6.3"	"0.354159860066033"
"268"	"1"	"GLSS-SM-R106-TP-01-NB-01D-WXS"	"0.76"	"2.1"	"0.350227331705971"
"269"	"1"	"GLSS-CU-R002-TP-01-NB-01D-WXS"	"0.6"	"2.2"	"0.349181467340683"
"270"	"1"	"GLSS-SF-0069-TP-01-NB-01D-WXS"	"0.65"	"2"	"0.349105531309211"
"271"	"1"	"GLSS-SF-0026-TP-02-NB-01D-WXS"	"0.82"	"2.1"	"0.348723770184035"
"272"	"1"	"GLSS-CU-R001-R1-01-NB-01D-WXS"	"0.23"	"4.6"	"0.347557041067336"
"273"	"1"	"GLSS-SM-R066-R1-01-NB-01D-WXS"	"0.77"	"3.1"	"0.347111491012222"
"274"	"1"	"GLSS-SM-R114-R1-01-NB-01D-WXS"	"0.86"	"4.5"	"0.346788931986439"
"275"	"1"	"GLSS-MD-0032-R1-01-NB-01D-WGS"	"0.67"	"2.1"	"0.346733036915596"
"276"	"1"	"GLSS-CU-R013-R1-01-NB-01D-WXS"	"0.27"	"1.9"	"0.346653283074127"
"277"	"1"	"GLSS-SM-R076-R3-01-NB-01D-WXS"	"0.97"	"7"	"0.345394790443335"
"278"	"1"	"GLSS-MD-0031-TP-01-NB-01D-WGS"	"0.45"	"2.5"	"0.344118144150711"
"279"	"1"	"GLSS-SF-0170-TP-01-NB-01D-WXS"	"0.68"	"2"	"0.343891810145456"
"280"	"1"	"GLSS-MG-0015-TP-01-NB-01D-WXS"	"0.81"	"2.4"	"0.343654632194934"
"281"	"1"	"GLSS-SM-R101-R1-01-NB-01D-WXS"	"0.56"	"2.2"	"0.343421364806475"
"282"	"1"	"GLSS-MD-0030-TP-01-NB-01D-WGS"	"0.84"	"2.1"	"0.343251506026764"
"283"	"1"	"GLSS-MD-0025-R1-01-NB-01D-WXS"	"0.51"	"2.1"	"0.342330424770007"
"284"	"1"	"GLSS-SF-0060-R1-01-NB-01D-WXS"	"0.56"	"4"	"0.341760801951886"
"285"	"1"	"GLSS-MG-0001-R1-01-NM-01D-WXS"	"0.94"	"3.8"	"0.340955103339029"
"286"	"1"	"GLSS-19-0274-TP-02-NB-02D-WXS"	"0.58"	"2.1"	"0.340117363039832"
"287"	"1"	"TCGA-06-0152-R1-01-NB-01D-WGS"	"0.74"	"3.2"	"0.339908292411655"
"288"	"1"	"GLSS-MD-0022-R1-01-NB-01D-WGS"	"0.63"	"2.4"	"0.336003313700796"
"289"	"1"	"GLSS-MD-0044-R1-01-NB-01D-WGS"	"0.82"	"2"	"0.334803579331409"
"290"	"1"	"GLSS-DK-0014-R1-01-NB-01D-WXS"	"0.31"	"3.7"	"0.333887410053867"
"291"	"1"	"TCGA-06-0221-R1-11-NB-01D-WXS"	"0.8"	"2.1"	"0.332838076039409"
"292"	"1"	"GLSS-SF-0024-TP-01-NB-01D-WXS"	"0.24"	"2.3"	"0.332556126570058"
"293"	"1"	"GLSS-JX-0006-TP-01-NB-01D-WXS"	"0.32"	"2.1"	"0.332133834268174"
"294"	"1"	"GLSS-19-0266-TP-02-NB-02D-WXS"	"0.46"	"2.3"	"0.331997077789173"
"295"	"1"	"GLSS-19-0267-TP-01-NB-01D-WXS"	"0.91"	"7"	"0.330969148545279"
"296"	"1"	"GLSS-MD-0006-R1-01-NB-01D-WGS"	"0.9"	"2.1"	"0.327304661126111"
"297"	"1"	"GLSS-SF-0017-R2-01-NB-01D-WXS"	"0.76"	"4.8"	"0.327107105361035"
"298"	"1"	"TCGA-06-0190-TP-01-NB-01D-WXS"	"0.4"	"4.2"	"0.326013765265615"
"299"	"1"	"GLSS-HF-2919-TP-01-NB-01D-WXS"	"0.84"	"2.8"	"0.324807656418627"
"300"	"1"	"GLSS-HK-0003-TP-01-NB-01D-WGS"	"0.36"	"2"	"0.324186075993855"
"301"	"1"	"GLSS-MD-LP02-TP-01-NB-01D-WXS"	"0.82"	"2.1"	"0.322900703463532"
"302"	"1"	"GLSS-SF-0009-R1-01-NM-01D-WXS"	"0.48"	"2"	"0.32080312893169"
"303"	"1"	"GLSS-MD-0018-R2-01-NB-01D-WGS"	"0.41"	"3.1"	"0.320320314286112"
"304"	"1"	"GLSS-MG-0010-R1-01-NM-01D-WXS"	"0.61"	"2.1"	"0.319317834063779"
"305"	"1"	"GLSS-MD-0025-TP-01-NB-01D-WXS"	"0.71"	"2.2"	"0.31900095996405"
"306"	"1"	"GLSS-CU-R007-TP-01-NB-01D-WXS"	"0.59"	"2.3"	"0.318703593860576"
"307"	"1"	"GLSS-SF-0334-R1-01-NB-01D-WXS"	"0.9"	"2"	"0.318332127456165"
"308"	"1"	"GLSS-CU-R009-TP-01-NB-01D-WXS"	"0.65"	"4.3"	"0.318117620457464"
"309"	"1"	"GLSS-SF-0015-TP-01-NM-01D-WXS"	"0.59"	"2"	"0.317993875061033"
"310"	"1"	"TCGA-TM-A7CF-TP-11-NB-01D-WGS"	"0.77"	"2.1"	"0.317757559206994"
"311"	"1"	"GLSS-HF-2934-TP-01-NB-01D-WXS"	"0.6"	"2.1"	"0.316497129877861"
"312"	"1"	"TCGA-FG-5965-R1-11-NB-01D-WXS"	"0.68"	"2.2"	"0.316127348560205"
"313"	"1"	"GLSS-19-0274-TP-01-NB-01D-WXS"	"0.37"	"2.1"	"0.315939269375525"
"314"	"1"	"GLSS-19-0269-TP-02-NB-02D-WXS"	"0.76"	"3.4"	"0.315578872164566"
"315"	"1"	"GLSS-19-0273-TP-01-NB-01D-WXS"	"0.35"	"2.3"	"0.315400867113922"
"316"	"1"	"GLSS-19-0268-TP-01-NB-01D-WXS"	"0.9"	"4.4"	"0.315072173742257"
"317"	"1"	"GLSS-AT-GP01-TP-02-NB-01D-WXS"	"0.45"	"1.9"	"0.31462935808906"
"318"	"1"	"GLSS-DK-0010-TP-01-NB-01D-WXS"	"0.61"	"3.6"	"0.313548089139446"
"319"	"1"	"TCGA-DU-6407-TP-13-NB-01D-WGS"	"0.83"	"2.2"	"0.313294987089027"
"320"	"1"	"GLSS-SF-0004-R2-01-NM-01D-WXS"	"0.86"	"2.1"	"0.31227789082423"
"321"	"1"	"TCGA-06-0221-TP-01-NB-01D-WGS"	"0.73"	"2.2"	"0.31153928124048"
"322"	"1"	"TCGA-DU-5872-TP-11-NB-01D-WXS"	"0.81"	"2"	"0.311482163696868"
"323"	"1"	"TCGA-FG-5965-R2-11-NB-01D-WGS"	"0.36"	"3.9"	"0.311242817181064"
"324"	"1"	"GLSS-SU-0270-R1-01-NB-01D-WXS"	"0.76"	"2.2"	"0.311180219892856"
"325"	"1"	"GLSS-SM-R110-TP-02-NB-01D-WXS"	"0.44"	"2"	"0.31063159517038"
"326"	"1"	"GLSS-MG-0011-R1-01-NM-01D-WXS"	"0.66"	"2.1"	"0.309890224155417"
"327"	"1"	"GLSS-MD-0027-R1-01-NB-01D-WGS"	"0.55"	"2"	"0.309825531655615"
"328"	"1"	"GLSS-HF-3162-R1-01-NB-01D-WXS"	"0.61"	"2.1"	"0.308210534383608"
"329"	"1"	"GLSS-SM-R061-TP-01-NB-01D-WXS"	"0.45"	"2.7"	"0.308124281153832"
"330"	"1"	"GLSS-SU-0202-TP-01-NB-01D-WXS"	"0.55"	"2"	"0.30715126457936"
"331"	"1"	"TCGA-06-0125-R1-11-NB-01D-WXS"	"0.59"	"2.4"	"0.305941447770452"
"332"	"1"	"GLSS-MD-0036-TP-01-NB-01D-WGS"	"0.83"	"6"	"0.30592912968233"
"333"	"1"	"GLSS-SF-0018-TP-04-NB-01D-WXS"	"0.66"	"2"	"0.303954412574388"
"334"	"1"	"GLSS-SU-0005-TP-01-NB-01D-WXS"	"0.72"	"2.2"	"0.303927032403822"
"335"	"1"	"GLSS-SF-0018-TP-03-NB-01D-WXS"	"0.8"	"2.1"	"0.30220467772018"
"336"	"1"	"GLSS-LU-0B10-TP-01-NB-01D-WXS"	"0.7"	"3.1"	"0.301414678427017"
"337"	"1"	"GLSS-MD-0031-R1-01-NB-01D-WGS"	"0.15"	"2.4"	"0.299492179880734"
"338"	"1"	"GLSS-SF-0026-R1-02-NB-01D-WXS"	"0.87"	"4.1"	"0.298259719425891"
"339"	"1"	"GLSS-DK-0006-R1-01-NB-01D-WXS"	"0.64"	"2.1"	"0.296866735894786"
"340"	"1"	"GLSS-MD-0035-TP-01-NB-01D-WGS"	"0.53"	"2.1"	"0.296569723629523"
"341"	"1"	"TCGA-TM-A7CF-R1-11-NB-01D-WGS"	"0.56"	"2.1"	"0.296158775620527"
"342"	"1"	"TCGA-06-0171-R1-11-NB-01D-WGS"	"0.26"	"2.2"	"0.295193641442871"
"343"	"1"	"GLSS-SM-R068-R1-01-NB-01D-WXS"	"0.86"	"2.4"	"0.294969826110443"
"344"	"1"	"GLSS-SF-0032-TP-01-NB-01D-WXS"	"0.28"	"6.1"	"0.292809627344286"
"345"	"1"	"GLSS-SF-0004-R3-01-NM-01D-WXS"	"0.87"	"2.1"	"0.291722588023604"
"346"	"1"	"GLSS-MD-0001-R1-01-NB-01D-WGS"	"0.5"	"5.7"	"0.28965470756302"
"347"	"1"	"GLSS-CU-R010-R1-01-NB-01D-WXS"	"0.78"	"2.6"	"0.289247241960419"
"348"	"1"	"GLSS-CU-R017-R1-01-NB-01D-WXS"	"1"	"7"	"0.288906984007581"
"349"	"1"	"GLSS-CU-R007-R1-01-NB-01D-WXS"	"0.81"	"2.5"	"0.288817038048002"
"350"	"1"	"GLSS-MD-0113-R4-01-NB-01D-WXS"	"0.72"	"2"	"0.287866709516652"
"351"	"1"	"GLSS-HF-2934-R1-01-NB-01D-WXS"	"0.33"	"2.2"	"0.287721179374726"
"352"	"1"	"TCGA-19-1389-R1-02-NB-01D-WXS"	"0.97"	"7"	"0.285766275356533"
"353"	"1"	"GLSS-SM-R106-R1-01-NB-01D-WXS"	"0.15"	"3.5"	"0.284623543648398"
"354"	"1"	"GLSS-SM-R071-R1-01-NB-01D-WXS"	"0.4"	"3.7"	"0.28455469257327"
"355"	"1"	"GLSS-MD-0048-R1-01-NB-01D-WGS"	"0.56"	"2"	"0.283899660579657"
"356"	"1"	"GLSS-HF-3016-R1-01-NB-01D-WXS"	"0.86"	"6.7"	"0.281790118808915"
"357"	"1"	"GLSS-MD-LP04-R1-01-NB-01D-WXS"	"0.54"	"2.4"	"0.280194977899511"
"358"	"1"	"GLSS-MD-0021-TP-01-NB-01D-WGS"	"0.74"	"2.1"	"0.27846621938717"
"359"	"1"	"GLSS-SF-0001-TP-01-NM-01D-WXS"	"0.57"	"2"	"0.276668000466128"
"360"	"1"	"GLSS-CU-R010-TP-01-NB-01D-WXS"	"0.86"	"2.7"	"0.276219835660003"
"361"	"1"	"GLSS-SM-R109-TP-01-NB-01D-WXS"	"0.49"	"2.1"	"0.27462865310846"
"362"	"1"	"GLSS-MD-0004-R1-01-NB-01D-WGS"	"0.43"	"2.1"	"0.273691272580401"
"363"	"1"	"GLSS-SM-R100-R1-01-NB-01D-WXS"	"0.37"	"1.9"	"0.272668459160292"
"364"	"1"	"GLSS-SM-R075-TP-01-NB-01D-WXS"	"0.33"	"2"	"0.270922681226019"
"365"	"1"	"GLSS-19-0273-R1-01-NB-01D-WXS"	"0.8"	"3.1"	"0.268471639447413"
"366"	"1"	"GLSS-SF-0060-TP-01-NB-01D-WXS"	"0.72"	"1.9"	"0.267481824254961"
"367"	"1"	"GLSS-MG-0002-TP-01-NM-01D-WXS"	"0.93"	"5.2"	"0.265724317993106"
"368"	"1"	"TCGA-FG-5965-TP-11-NB-01D-WXS"	"0.69"	"2.1"	"0.264943133060877"
"369"	"1"	"TCGA-19-4065-TP-01-NB-01D-WXS"	"0.29"	"6.3"	"0.261157912264458"
"370"	"1"	"TCGA-06-0221-TP-01-NB-01D-WXS"	"0.59"	"4.2"	"0.260634907528743"
"371"	"1"	"GLSS-SF-0002-R1-01-NM-01D-WXS"	"0.86"	"2.1"	"0.259691711081311"
"372"	"1"	"GLSS-MD-0027-R1-01-NB-01D-WXS"	"0.58"	"1.9"	"0.258762196500887"
"373"	"1"	"GLSS-SU-0004-TP-01-NB-01D-WXS"	"0.81"	"5.7"	"0.258662165280935"
"374"	"1"	"GLSS-SF-0013-R1-01-NM-01D-WXS"	"0.31"	"2.1"	"0.257479867732102"
"375"	"1"	"GLSS-MG-0006-R1-01-NB-01D-WXS"	"0.39"	"6.4"	"0.257363712290209"
"376"	"1"	"GLSS-DK-0007-TP-01-NB-01D-WXS"	"0.73"	"2.3"	"0.256495066845885"
"377"	"1"	"GLSS-HF-2998-R1-01-NB-01D-WXS"	"0.26"	"2.1"	"0.25575768715878"
"378"	"1"	"TCGA-DU-7304-TP-12-NB-01D-WGS"	"0.78"	"2.2"	"0.254873438336063"
"379"	"1"	"GLSS-MD-0109-R1-02-NB-01D-WXS"	"0.69"	"6"	"0.254082139211256"
"380"	"1"	"GLSS-MD-0011-R1-01-NB-01D-WGS"	"0.4"	"2.4"	"0.253780596247226"
"381"	"1"	"GLSS-SU-0001-TP-01-NB-01D-WXS"	"0.53"	"2"	"0.253681365026352"
"382"	"1"	"GLSS-SM-R075-R1-01-NB-01D-WXS"	"0.5"	"5.7"	"0.253678908710767"
"383"	"1"	"GLSS-MD-0092-TP-01-NB-01D-WXS"	"0.79"	"2"	"0.253449807856681"
"384"	"1"	"GLSS-MD-0049-R1-01-NB-01D-WGS"	"0.59"	"5.7"	"0.251007198186584"
"385"	"1"	"GLSS-SF-0029-TP-01-NB-01D-WXS"	"0.88"	"2.1"	"0.250059006889593"
"386"	"1"	"GLSS-SF-0011-R1-01-NM-01D-WXS"	"0.72"	"2.3"	"0.249487006401105"
"387"	"1"	"GLSS-HF-3050-TP-01-NB-01D-WXS"	"0.62"	"2.3"	"0.248946394810566"
"388"	"1"	"GLSS-HF-2869-R3-01-NB-01D-WXS"	"0.82"	"4.3"	"0.248836287706146"
"389"	"1"	"GLSS-19-0266-R1-02-NB-02D-WXS"	"0.27"	"2.2"	"0.24862386108649"
"390"	"1"	"GLSS-SM-R068-TP-01-NB-01D-WXS"	"0.8"	"2.4"	"0.248298482356707"
"391"	"1"	"TCGA-TQ-A7RK-TP-11-NB-01D-WXS"	"0.69"	"2.1"	"0.248247134985798"
"392"	"1"	"GLSS-MD-0003-R2-01-NB-01D-WGS"	"0.18"	"2.5"	"0.24809634568075"
"393"	"1"	"GLSS-MD-0112-R1-01-NB-01D-WXS"	"0.44"	"2.1"	"0.247299494438935"
"394"	"1"	"GLSS-MD-0004-R2-01-NB-01D-WGS"	"0.14"	"3"	"0.247135284898696"
"395"	"1"	"GLSS-SF-0027-R1-02-NB-01D-WXS"	"0.81"	"2.2"	"0.245757662488119"
"396"	"1"	"GLSS-SF-0163-R1-01-NB-01D-WXS"	"0.81"	"2.2"	"0.244762282059189"
"397"	"1"	"GLSS-MD-0014-R1-01-NB-01D-WGS"	"0.43"	"2.8"	"0.243901165974905"
"398"	"1"	"GLSS-MD-0091-R1-01-NB-01D-WXS"	"0.56"	"3.9"	"0.240472275500311"
"399"	"1"	"GLSS-MD-0011-TP-01-NB-01D-WGS"	"0.25"	"2.3"	"0.240379155137299"
"400"	"1"	"GLSS-MG-0008-M1-01-NM-01D-WXS"	"0.55"	"4.3"	"0.240241485261641"
"401"	"1"	"GLSS-MD-0112-R1-01-NB-01D-WGS"	"0.26"	"2.6"	"0.239498684169028"
"402"	"1"	"GLSS-SF-0024-R1-01-NB-01D-WXS"	"0.16"	"2.2"	"0.238691437751047"
"403"	"1"	"GLSS-SM-R058-TP-01-NB-01D-WXS"	"0.7"	"4.6"	"0.237407652600601"
"404"	"1"	"GLSS-CU-R008-R1-01-NB-01D-WXS"	"0.62"	"2.3"	"0.236155751554681"
"405"	"1"	"GLSS-MD-0016-TP-01-NB-01D-WGS"	"0.17"	"2.3"	"0.235967702820448"
"406"	"1"	"GLSS-DK-0009-R1-01-NB-01D-WXS"	"0.39"	"3.9"	"0.235407310055299"
"407"	"1"	"GLSS-SF-0131-TP-01-NB-01D-WXS"	"0.23"	"2"	"0.235311525055749"
"408"	"1"	"TCGA-06-0221-R1-02-NB-01D-WXS"	"0.9"	"7"	"0.234591400297558"
"409"	"1"	"TCGA-FG-5965-R2-11-NB-01D-WXS"	"0.36"	"4.1"	"0.234351661369355"
"410"	"1"	"GLSS-SF-0017-R4-01-NB-01D-WXS"	"0.8"	"5.1"	"0.230987277687089"
"411"	"1"	"GLSS-SF-0018-TP-02-NB-01D-WXS"	"0.41"	"3.9"	"0.230882644404237"
"412"	"1"	"GLSS-19-0269-R1-01-NB-01D-WXS"	"0.73"	"3.4"	"0.230819221261501"
"413"	"1"	"GLSS-MD-0088-R1-01-NB-01D-WXS"	"0.57"	"2"	"0.230417436390985"
"414"	"1"	"TCGA-14-1034-R1-01-NB-01D-WXS"	"0.95"	"2"	"0.229434202636008"
"415"	"1"	"GLSS-HF-2998-TP-01-NB-01D-WXS"	"0.22"	"2.1"	"0.228645058817418"
"416"	"1"	"TCGA-06-0211-R1-02-NB-01D-WXS"	"0.74"	"2.9"	"0.228585185326531"
"417"	"1"	"TCGA-DU-6407-TP-13-NB-01D-WXS"	"0.68"	"4.3"	"0.225737732756535"
"418"	"1"	"GLSS-MD-0021-R1-01-NB-01D-WGS"	"0.85"	"2"	"0.224810374391807"
"419"	"1"	"GLSS-MD-0114-R1-01-NB-01D-WXS"	"0.84"	"2.1"	"0.224531018065058"
"420"	"1"	"GLSS-MD-0041-TP-01-NB-01D-WGS"	"0.8"	"2.1"	"0.224070112986959"
"421"	"1"	"GLSS-SF-0004-TP-01-NM-01D-WXS"	"0.7"	"2"	"0.223908915838094"
"422"	"1"	"GLSS-SM-R057-R2-01-NB-01D-WXS"	"0.58"	"2.5"	"0.222838561892584"
"423"	"1"	"GLSS-MG-0007-TP-01-NB-01D-WXS"	"0.28"	"1.7"	"0.221669734375004"
"424"	"1"	"GLSS-MD-0126-R1-01-NB-01D-WXS"	"0.5"	"2.2"	"0.22105899466403"
"425"	"1"	"GLSS-MD-0010-R2-01-NB-01D-WGS"	"0.21"	"2.3"	"0.221018557848394"
"426"	"1"	"TCGA-FG-5965-TP-11-NB-01D-WGS"	"0.7"	"2.1"	"0.220391531732869"
"427"	"1"	"GLSS-MD-0086-R1-01-NB-01D-WXS"	"0.71"	"4.2"	"0.220317193155483"
"428"	"1"	"GLSS-MD-0008-R1-01-NB-01D-WGS"	"0.17"	"2.2"	"0.217353392343564"
"429"	"1"	"GLSS-SM-R058-R1-01-NB-01D-WXS"	"0.14"	"2.4"	"0.216990249749501"
"430"	"1"	"GLSS-AT-GP01-TP-03-NB-01D-WXS"	"0.71"	"2"	"0.216814285421238"
"431"	"1"	"TCGA-TQ-A7RK-TP-11-NB-01D-WGS"	"0.71"	"2.1"	"0.215796104176418"
"432"	"1"	"GLSS-MG-0011-TP-01-NM-01D-WXS"	"0.72"	"2.2"	"0.21569548786724"
"433"	"1"	"GLSS-SM-R107-TP-01-NB-01D-WXS"	"0.21"	"2.7"	"0.215667843262819"
"434"	"1"	"TCGA-TQ-A7RV-R1-11-NB-01D-WXS"	"0.35"	"2.2"	"0.212984753508022"
"435"	"1"	"GLSS-MD-0112-TP-01-NB-01D-WGS"	"0.23"	"4.5"	"0.212979122241184"
"436"	"1"	"GLSS-MD-0112-TP-01-NB-01D-WXS"	"0.67"	"2.5"	"0.212108463762665"
"437"	"1"	"GLSS-MD-0049-TP-01-NB-01D-WGS"	"0.26"	"2.5"	"0.21124782775445"
"438"	"1"	"GLSS-LU-00C7-TP-01-NB-01D-WXS"	"0.88"	"3.9"	"0.2111649650419"
"439"	"1"	"GLSS-SF-0006-R1-01-NM-01D-WXS"	"0.31"	"2"	"0.210728504623859"
"440"	"1"	"GLSS-CU-R012-TP-01-NB-01D-WXS"	"0.31"	"6.1"	"0.210662738074029"
"441"	"1"	"GLSS-MD-0035-R1-01-NB-01D-WGS"	"0.7"	"2.1"	"0.209680753121356"
"442"	"1"	"GLSS-MD-0087-R1-01-NB-01D-WXS"	"0.34"	"2"	"0.208527168041666"
"443"	"1"	"GLSS-SM-R096-R1-01-NB-01D-WXS"	"0.29"	"2.1"	"0.207649222161475"
"444"	"1"	"GLSS-MD-0089-R1-01-NB-01D-WXS"	"0.79"	"3.8"	"0.206934137349121"
"445"	"1"	"GLSS-SM-R095-R1-01-NB-01D-WXS"	"0.19"	"2.2"	"0.206217833680754"
"446"	"1"	"GLSS-CU-R004-TP-01-NB-01D-WXS"	"0.33"	"2"	"0.203115477964267"
"447"	"1"	"TCGA-14-1402-TP-02-NB-01D-WXS"	"0.34"	"2.2"	"0.202975729483006"
"448"	"1"	"TCGA-06-0171-TP-02-NB-01D-WGS"	"0.64"	"2.1"	"0.200879587786063"
"449"	"1"	"GLSS-MD-0091-TP-01-NB-01D-WXS"	"0.66"	"2.1"	"0.200813516026754"
"450"	"1"	"TCGA-06-0210-R1-01-NB-01D-WXS"	"0.58"	"4.3"	"0.199078625278316"
"451"	"1"	"GLSS-SM-R056-R3-01-NB-01D-WXS"	"0.48"	"2.3"	"0.198481038388661"
"452"	"1"	"GLSS-SF-0027-TP-02-NB-01D-WXS"	"0.82"	"2.2"	"0.197346906151758"
"453"	"1"	"GLSS-MD-0047-R1-01-NB-01D-WGS"	"0.76"	"1.9"	"0.197244811205818"
"454"	"1"	"GLSS-MD-0090-TP-01-NB-01D-WXS"	"0.79"	"2"	"0.195205615370926"
"455"	"1"	"GLSS-LU-00B9-R1-01-NB-01D-WXS"	"0.42"	"2.3"	"0.194402476646784"
"456"	"1"	"GLSS-SF-0017-TP-03-NB-01D-WXS"	"0.88"	"2"	"0.191467848920087"
"457"	"1"	"GLSS-MD-0087-TP-01-NB-01D-WXS"	"0.79"	"1.9"	"0.190654273291462"
"458"	"1"	"GLSS-SF-0161-TP-01-NB-01D-WXS"	"0.25"	"2.1"	"0.188123526585018"
"459"	"1"	"GLSS-19-0280-R1-01-NB-01D-WXS"	"0.7"	"2.9"	"0.187663436942315"
"460"	"1"	"GLSS-SF-0161-R1-01-NB-01D-WXS"	"0.29"	"2.2"	"0.186923985575527"
"461"	"1"	"GLSS-SF-0029-R1-01-NB-01D-WXS"	"0.33"	"2.2"	"0.186329897876147"
"462"	"1"	"GLSS-SF-0017-TP-01-NB-01D-WXS"	"0.87"	"2.2"	"0.185379969262893"
"463"	"1"	"GLSS-SU-0004-R1-01-NB-01D-WXS"	"0.78"	"5.9"	"0.185039637292338"
"464"	"1"	"GLSS-SF-0013-TP-01-NM-01D-WXS"	"0.34"	"2"	"0.184464296605373"
"465"	"1"	"GLSS-HK-0001-TP-01-NB-01D-WXS"	"0.53"	"6.7"	"0.183274598670798"
"466"	"1"	"GLSS-MD-0089-TP-01-NB-01D-WXS"	"0.38"	"2.4"	"0.182776904617591"
"467"	"1"	"TCGA-DU-6404-TP-11-NB-01D-WXS"	"0.8"	"2.1"	"0.182040460296399"
"468"	"1"	"TCGA-TQ-A7RK-R2-11-NB-01D-WGS"	"0.79"	"2.1"	"0.181369053343513"
"469"	"1"	"TCGA-19-1389-TP-01-NB-01D-WXS"	"0.51"	"2.7"	"0.181353129931107"
"470"	"1"	"GLSS-SM-R067-TP-01-NB-01D-WXS"	"0.29"	"2.1"	"0.181199112280816"
"471"	"1"	"GLSS-MD-0096-R1-01-NB-01D-WXS"	"0.26"	"5.4"	"0.181154648567445"
"472"	"1"	"GLSS-MD-0009-TP-01-NB-01D-WGS"	"0.15"	"2.6"	"0.181149250039394"
"473"	"1"	"GLSS-DK-0009-TP-01-NB-01D-WXS"	"0.75"	"5.4"	"0.180614766634623"
"474"	"1"	"GLSS-SF-0163-TP-01-NB-01D-WXS"	"0.71"	"2.1"	"0.178915083964227"
"475"	"1"	"GLSS-SF-0159-TP-01-NB-01D-WXS"	"0.28"	"2.3"	"0.17713350257738"
"476"	"1"	"GLSS-AT-00P4-TP-01-NB-01D-WXS"	"0.46"	"1.8"	"0.176740884979889"
"477"	"1"	"GLSS-HF-3016-TP-04-NB-28D-WGS"	"0.86"	"5.9"	"0.176470553960942"
"478"	"1"	"GLSS-DK-0008-R1-01-NB-01D-WXS"	"0.69"	"5.6"	"0.176124591328593"
"479"	"1"	"GLSS-LU-00C2-TP-01-NB-01D-WXS"	"0.66"	"4.8"	"0.175718180385677"
"480"	"1"	"GLSS-SF-0339-TP-01-NB-01D-WXS"	"0.77"	"2.3"	"0.175123795479515"
"481"	"1"	"GLSS-SM-R105-R1-01-NB-01D-WXS"	"0.24"	"2.4"	"0.173906470780523"
"482"	"1"	"GLSS-MD-0002-R1-01-NB-01D-WGS"	"0.56"	"2.1"	"0.173245806307731"
"483"	"1"	"GLSS-DK-0012-R1-01-NB-01D-WXS"	"0.19"	"2.1"	"0.172826753388079"
"484"	"1"	"TCGA-DU-6404-TP-11-NB-01D-WGS"	"0.82"	"2.1"	"0.171751897610302"
"485"	"1"	"GLSS-SM-R095-TP-01-NB-01D-WXS"	"0.19"	"2.5"	"0.171702266468585"
"486"	"1"	"GLSS-SU-0239-TP-01-NB-01D-WXS"	"0.63"	"6"	"0.171699872641708"
"487"	"1"	"GLSS-SM-R069-R2-01-NB-01D-WXS"	"0.25"	"4.3"	"0.170554962335976"
"488"	"1"	"GLSS-MD-0003-R3-01-NB-01D-WGS"	"0.52"	"2.3"	"0.167788087992465"
"489"	"1"	"GLSS-SF-0081-TP-01-NB-01D-WXS"	"0.41"	"2.3"	"0.166040736303583"
"490"	"1"	"TCGA-DU-6404-R1-21-NB-01D-WGS"	"0.68"	"2.1"	"0.165961792272581"
"491"	"1"	"GLSS-SF-0017-TP-02-NB-01D-WXS"	"0.88"	"2"	"0.165839674010055"
"492"	"1"	"GLSS-MD-0119-R1-01-NB-01D-WXS"	"0.32"	"6.6"	"0.165567153541972"
"493"	"1"	"TCGA-TQ-A7RV-TP-21-NB-01D-WGS"	"0.67"	"2.1"	"0.165252218483884"
"494"	"1"	"GLSS-SF-0017-R3-01-NB-01D-WXS"	"0.63"	"4.7"	"0.165046251008438"
"495"	"1"	"GLSS-SM-R096-TP-01-NB-01D-WXS"	"0.41"	"4"	"0.164978639111256"
"496"	"1"	"TCGA-TM-A7CF-R1-11-NB-01D-WXS"	"0.3"	"2.1"	"0.163644392277901"
"497"	"1"	"GLSS-MD-0016-R1-01-NB-01D-WGS"	"0.31"	"2.8"	"0.163518436730494"
"498"	"1"	"GLSS-CU-R016-TP-01-NB-01D-WXS"	"0.28"	"2.4"	"0.162963664122775"
"499"	"1"	"GLSS-MD-0005-TP-01-NB-01D-WGS"	"0.22"	"2.5"	"0.162091659513222"
"500"	"1"	"GLSS-MG-0005-TP-01-NM-01D-WXS"	"0.81"	"5.9"	"0.161896206747376"
"501"	"1"	"GLSS-LU-00C2-R1-01-NB-01D-WXS"	"0.61"	"3.5"	"0.161157995730319"
"502"	"1"	"GLSS-DK-0011-TP-01-NB-01D-WXS"	"0.41"	"2.2"	"0.159540311094584"
"503"	"1"	"TCGA-06-0125-TP-02-NB-01D-WXS"	"0.89"	"7"	"0.15791436163107"
"504"	"1"	"GLSS-HF-2548-R1-01-NB-01D-WXS"	"0.6"	"2.8"	"0.157121958911351"
"505"	"1"	"TCGA-DU-7304-TP-12-NB-01D-WXS"	"0.3"	"2.5"	"0.156542820872502"
"506"	"1"	"GLSS-SM-R076-R1-01-NB-01D-WXS"	"0.52"	"5.5"	"0.155934824126099"
"507"	"1"	"GLSS-AT-00P5-TP-01-NB-01D-WXS"	"0.41"	"3.8"	"0.151937650024092"
"508"	"1"	"TCGA-14-1402-R1-01-NB-01D-WXS"	"0.83"	"2.9"	"0.150486244261952"
"509"	"1"	"GLSS-DF-0007-R1-01-NB-01D-WXS"	"0.1"	"2.3"	"0.149905087601749"
"510"	"1"	"GLSS-MD-0088-TP-01-NB-01D-WXS"	"0.45"	"2"	"0.149320860060907"
"511"	"1"	"GLSS-19-0271-R1-01-NB-01D-WXS"	"0.58"	"2.5"	"0.14735533848366"
"512"	"1"	"GLSS-MD-0027-TP-01-NB-01D-WGS"	"0.19"	"2.4"	"0.145963751282291"
"513"	"1"	"GLSS-SF-0058-R1-01-NB-01D-WXS"	"0.13"	"2.6"	"0.14585465492789"
"514"	"1"	"GLSS-SF-0334-TP-01-NB-01D-WXS"	"0.28"	"2.1"	"0.145805414765601"
"515"	"1"	"GLSS-DF-0012-R1-01-NB-01D-WXS"	"0.12"	"2.3"	"0.145691130456931"
"516"	"1"	"GLSS-DK-0001-R1-01-NB-01D-WXS"	"0.28"	"2.3"	"0.145074842868633"
"517"	"1"	"GLSS-DF-0004-TP-01-NB-01D-WXS"	"0.12"	"2.3"	"0.14506336751777"
"518"	"1"	"GLSS-MD-0043-R1-01-NB-01D-WGS"	"0.68"	"2.1"	"0.143996444405314"
"519"	"1"	"GLSS-19-0272-TP-01-NB-01D-WXS"	"0.36"	"6.6"	"0.143861960967328"
"520"	"1"	"GLSS-SF-0012-TP-01-NM-01D-WXS"	"0.84"	"2"	"0.143502541521531"
"521"	"1"	"GLSS-LU-00B9-TP-01-NB-01D-WXS"	"0.51"	"2.2"	"0.142335550187695"
"522"	"1"	"GLSS-SF-0007-TP-01-NB-01D-WXS"	"0.67"	"2.1"	"0.142316910102715"
"523"	"1"	"GLSS-19-0266-R1-01-NB-01D-WXS"	"0.9"	"7"	"0.142291608817665"
"524"	"1"	"GLSS-MD-0005-R1-01-NB-01D-WGS"	"0.21"	"2.7"	"0.141961288487596"
"525"	"1"	"GLSS-SF-0009-TP-01-NM-01D-WXS"	"0.82"	"2.1"	"0.141132712315057"
"526"	"1"	"GLSS-MD-0007-TP-01-NB-01D-WGS"	"0.86"	"2.1"	"0.140702023171929"
"527"	"1"	"GLSS-19-0278-R1-01-NB-01D-WXS"	"0.47"	"2.8"	"0.140593817445203"
"528"	"1"	"GLSS-SF-0007-R1-01-NB-01D-WXS"	"0.32"	"2.2"	"0.140045472647553"
"529"	"1"	"GLSS-SU-0002-R1-01-NB-01D-WXS"	"0.72"	"5.8"	"0.139173331646787"
"530"	"1"	"GLSS-MD-0012-TP-01-NB-01D-WGS"	"0.24"	"3.4"	"0.138857331511835"
"531"	"1"	"GLSS-MD-0043-TP-01-NB-01D-WGS"	"0.14"	"2.5"	"0.138807793868781"
"532"	"1"	"GLSS-CU-R018-R1-01-NB-01D-WXS"	"0.98"	"7"	"0.137968923070019"
"533"	"1"	"GLSS-DK-0015-R1-01-NB-01D-WXS"	"0.5"	"5.7"	"0.136727079892269"
"534"	"1"	"GLSS-DK-0001-TP-01-NB-01D-WXS"	"0.23"	"2.3"	"0.136683500202721"
"535"	"1"	"TCGA-TM-A7CF-TP-11-NB-01D-WXS"	"0.66"	"2.1"	"0.136311446038541"
"536"	"1"	"GLSS-SF-0002-TP-01-NM-01D-WXS"	"0.42"	"2.2"	"0.135257434073631"
"537"	"1"	"TCGA-06-0152-TP-03-NB-01D-WXS"	"0.97"	"7"	"0.134078522581097"
"538"	"1"	"GLSS-DK-0006-TP-01-NB-01D-WXS"	"0.6"	"2.3"	"0.131627585506987"
"539"	"1"	"GLSS-MD-0010-R3-01-NB-01D-WGS"	"0.2"	"2.5"	"0.130901158727865"
"540"	"1"	"GLSS-SF-0027-TP-01-NB-01D-WXS"	"0.43"	"2.3"	"0.12985630508435"
"541"	"1"	"GLSS-SF-0016-TP-01-NB-01D-WXS"	"0.88"	"2.1"	"0.12807512470287"
"542"	"1"	"TCGA-DU-6404-R1-21-NB-01D-WXS"	"0.67"	"2.3"	"0.128072928215976"
"543"	"1"	"GLSS-19-0268-R1-02-NB-02D-WXS"	"0.31"	"2.1"	"0.12788026565962"
"544"	"1"	"GLSS-MD-0001-TP-01-NB-01D-WGS"	"0.47"	"5.5"	"0.12781621528625"
"545"	"1"	"GLSS-HF-3162-TP-01-NB-01D-WXS"	"0.24"	"2.1"	"0.12776833144174"
"546"	"1"	"GLSS-SF-0006-TP-01-NM-01D-WXS"	"0.31"	"2.1"	"0.127261236956637"
"547"	"1"	"GLSS-MD-0093-TP-01-NB-01D-WXS"	"0.26"	"2"	"0.126995887196254"
"548"	"1"	"TCGA-TQ-A7RV-TP-21-NB-01D-WXS"	"0.6"	"2.1"	"0.126665990762197"
"549"	"1"	"GLSS-MD-0003-R1-01-NB-01D-WGS"	"0.23"	"2.3"	"0.125100856285628"
"550"	"1"	"GLSS-DF-0002-TP-01-NB-01D-WXS"	"0.66"	"2"	"0.124277515190991"
"551"	"1"	"GLSS-MD-0097-TP-01-NB-01D-WXS"	"0.55"	"2.1"	"0.123628120388874"
"552"	"1"	"GLSS-DK-0010-R1-01-NB-01D-WXS"	"0.36"	"2.1"	"0.123124051563689"
"553"	"1"	"TCGA-19-0957-R1-11-NB-01D-WXS"	"0.6"	"7"	"0.122719258522772"
"554"	"1"	"GLSS-SF-0338-R1-01-NB-01D-WXS"	"0.42"	"2.3"	"0.121337770885499"
"555"	"1"	"GLSS-SF-0005-TP-01-NB-01D-WXS"	"0.5"	"2.4"	"0.121236597494731"
"556"	"1"	"TCGA-19-1389-R1-21-NB-01D-WXS"	"0.94"	"7"	"0.121205140925539"
"557"	"1"	"GLSS-MD-0047-TP-01-NB-01D-WGS"	"0.25"	"2.4"	"0.119209860649743"
"558"	"1"	"GLSS-SF-0021-TP-01-NB-01D-WXS"	"0.39"	"2.4"	"0.118603499920851"
"559"	"1"	"GLSS-DK-0005-TP-01-NB-01D-WXS"	"0.22"	"2.2"	"0.117833228481218"
"560"	"1"	"GLSS-HF-3050-R1-01-NB-01D-WXS"	"0.8"	"2.6"	"0.117226826282356"
"561"	"1"	"TCGA-TQ-A7RK-R1-11-NB-01D-WGS"	"0.75"	"2.1"	"0.116538170157186"
"562"	"1"	"GLSS-SU-0005-R1-01-NB-01D-WXS"	"0.27"	"2.5"	"0.115360785791813"
"563"	"1"	"GLSS-SF-0008-TP-01-NM-01D-WXS"	"0.35"	"2.2"	"0.114633398756896"
"564"	"1"	"GLSS-SF-0159-R1-01-NB-01D-WXS"	"0.34"	"2.2"	"0.114317616206881"
"565"	"1"	"GLSS-19-0277-R1-01-NB-01D-WXS"	"0.93"	"2.8"	"0.113337480170547"
"566"	"1"	"TCGA-TQ-A7RK-R1-11-NB-01D-WXS"	"0.59"	"2.1"	"0.113011140786018"
"567"	"1"	"GLSS-CU-R011-R1-01-NB-01D-WXS"	"0.27"	"2.2"	"0.112999819270587"
"568"	"1"	"GLSS-CU-R014-R1-01-NB-01D-WXS"	"0.71"	"2.3"	"0.112842811145207"
"569"	"1"	"GLSS-AT-00P3-TP-01-NB-01D-WXS"	"0.32"	"2.2"	"0.112634117687216"
"570"	"1"	"GLSS-CU-R006-TP-01-NB-01D-WXS"	"0.42"	"2"	"0.110863739531592"
"571"	"1"	"GLSS-19-0268-R1-01-NB-01D-WXS"	"0.77"	"2.5"	"0.110754572273372"
"572"	"1"	"GLSS-MD-LP02-R1-01-NB-01D-WXS"	"0.51"	"2.1"	"0.109836680731856"
"573"	"1"	"GLSS-MD-0141-R1-01-NB-01D-WXS"	"0.4"	"6.2"	"0.109478075599454"
"574"	"1"	"GLSS-19-0274-R1-01-NB-01D-WXS"	"0.46"	"2.7"	"0.10811360136014"
"575"	"1"	"TCGA-06-0210-R1-02-NB-01D-WXS"	"0.7"	"7"	"0.108036561732983"
"576"	"1"	"GLSS-AT-00P7-R1-01-NB-01D-WXS"	"0.4"	"2.3"	"0.107637193475473"
"577"	"1"	"GLSS-MG-0014-R2-01-NM-01D-WXS"	"0.59"	"6.6"	"0.1067616919463"
"578"	"1"	"GLSS-MD-LP01-TP-01-NB-01D-WXS"	"0.76"	"2.1"	"0.10622155530469"
"579"	"1"	"GLSS-SF-0016-R1-01-NB-01D-WXS"	"0.46"	"2.2"	"0.105381343093826"
"580"	"1"	"TCGA-06-0171-R1-02-NB-01D-WXS"	"1"	"6.6"	"0.104183323093122"
"581"	"1"	"GLSS-HF-3118-R1-01-NB-01D-WXS"	"0.25"	"2.1"	"0.102416849046383"
"582"	"1"	"GLSS-SM-R067-R1-01-NB-01D-WXS"	"0.36"	"2.9"	"0.101365933286412"
"583"	"1"	"GLSS-SM-R062-TP-01-NB-01D-WXS"	"0.25"	"6.8"	"0.100895068296103"
"584"	"1"	"TCGA-TQ-A7RV-R1-11-NB-01D-WGS"	"0.62"	"2.1"	"0.0996173488166547"
"585"	"1"	"GLSS-CU-R003-R1-01-NB-01D-WXS"	"0.29"	"1.9"	"0.0987472101068443"
"586"	"1"	"GLSS-SM-R071-TP-01-NB-01D-WXS"	"0.61"	"6"	"0.0986287093117876"
"587"	"1"	"GLSS-SM-R099-R1-01-NB-01D-WXS"	"0.11"	"2"	"0.0983586001456818"
"588"	"1"	"GLSS-MD-0048-TP-01-NB-01D-WGS"	"0.63"	"2"	"0.0981581373091752"
"589"	"1"	"GLSS-MD-0041-R1-01-NB-01D-WGS"	"0.57"	"2.1"	"0.0949521474065961"
"590"	"1"	"GLSS-SM-R063-R1-01-NB-01D-WXS"	"0.1"	"2.9"	"0.0930304616736413"
"591"	"1"	"GLSS-SM-R097-R1-01-NB-01D-WXS"	"0.12"	"1.9"	"0.0926740531481825"
"592"	"1"	"GLSS-SF-0012-R1-01-NM-01D-WXS"	"0.88"	"2"	"0.0926516164801927"
"593"	"1"	"GLSS-DF-0012-TP-01-NB-01D-WXS"	"0.12"	"2.4"	"0.0925392200616055"
"594"	"1"	"GLSS-DF-0002-R1-01-NB-01D-WXS"	"0.51"	"2.1"	"0.092354563643347"
"595"	"1"	"GLSS-SM-R104-R1-01-NB-01D-WXS"	"0.68"	"2.1"	"0.0918747000356489"
"596"	"1"	"GLSS-MD-0008-R2-01-NB-01D-WGS"	"0.87"	"3.1"	"0.0867512353171398"
"597"	"1"	"GLSS-MD-0027-TP-01-NB-01D-WXS"	"0.47"	"2"	"0.0863194553161752"
"598"	"1"	"GLSS-SF-0157-TP-01-NB-01D-WXS"	"0.63"	"2.5"	"0.0854401703002554"
"599"	"1"	"TCGA-19-0957-TP-01-NB-01D-WXS"	"0.31"	"4.9"	"0.0854080943018803"
"600"	"1"	"GLSS-MD-0113-R1-01-NB-01D-WXS"	"0.63"	"6.2"	"0.0828453170504343"
"601"	"1"	"GLSS-MD-0009-R1-01-NB-01D-WGS"	"0.13"	"2.5"	"0.0823082809382042"
"602"	"1"	"GLSS-LU-00C1-TP-01-NB-01D-WXS"	"0.64"	"4.2"	"0.0815188846979223"
"603"	"1"	"GLSS-SF-0131-R1-01-NB-01D-WXS"	"0.28"	"2.1"	"0.0809477626220463"
"604"	"1"	"GLSS-DF-0003-R1-01-NB-01D-WXS"	"0.23"	"2.2"	"0.0809390677702164"
"605"	"1"	"GLSS-MD-0120-R1-01-NB-01D-WXS"	"0.37"	"2.2"	"0.0802364745030188"
"606"	"1"	"GLSS-DF-0010-R1-01-NB-01D-WXS"	"0.28"	"2.1"	"0.079731351921904"
"607"	"1"	"GLSS-19-0272-R1-01-NB-01D-WXS"	"0.13"	"2.5"	"0.0754178716608237"
"608"	"1"	"GLSS-MD-0086-TP-01-NB-01D-WXS"	"0.76"	"2"	"0.075368100692103"
"609"	"1"	"GLSS-SM-R103-R1-01-NB-01D-WXS"	"0.15"	"2.5"	"0.0751789295423539"
"610"	"1"	"TCGA-14-1034-TP-01-NB-01D-WXS"	"0.65"	"2.1"	"0.0696145481132382"
"611"	"1"	"GLSS-SF-0170-R1-01-NB-01D-WXS"	"0.32"	"6"	"0.0657750520857927"
"612"	"1"	"GLSS-SM-R065-TP-01-NB-01D-WXS"	"0.25"	"6.2"	"0.0651892988460069"
"613"	"1"	"GLSS-19-0271-R1-02-NB-03D-WXS"	"0.4"	"2.1"	"0.065091993503372"
"614"	"1"	"GLSS-SF-0338-TP-01-NB-01D-WXS"	"0.62"	"3.8"	"0.0640744713148018"
"615"	"1"	"GLSS-SU-0003-R1-01-NB-01D-WXS"	"0.23"	"5.8"	"0.0640624939262293"
"616"	"1"	"GLSS-CU-R011-TP-01-NB-01D-WXS"	"0.17"	"2.6"	"0.0637101298810815"
"617"	"1"	"GLSS-JX-0006-R1-01-NB-01D-WXS"	"0.58"	"3.1"	"0.0634060669872109"
"618"	"1"	"GLSS-SM-R069-TP-01-NB-01D-WXS"	"0.1"	"3"	"0.0632548450096008"
"619"	"1"	"GLSS-SF-0039-R1-01-NB-01D-WXS"	"0.39"	"5.9"	"0.0632468450169872"
"620"	"1"	"TCGA-06-0190-R1-01-NB-01D-WXS"	"0.3"	"5.5"	"0.0626079951698186"
"621"	"1"	"GLSS-CU-R019-R1-01-NB-01D-WXS"	"0.98"	"7"	"0.0618152556442417"
"622"	"1"	"GLSS-MD-0032-TP-01-NB-01D-WGS"	"0.27"	"3.5"	"0.061447653832209"
"623"	"1"	"TCGA-06-0171-R1-11-NB-01D-WXS"	"0.5"	"2.2"	"0.0612320706335058"
"624"	"1"	"GLSS-AT-00P4-R1-01-NB-01D-WXS"	"0.13"	"1.7"	"0.0602183290077744"
"625"	"1"	"GLSS-DK-0011-R1-01-NB-01D-WXS"	"0.14"	"2.3"	"0.0602168951507274"
"626"	"1"	"GLSS-MD-0010-R1-01-NB-01D-WGS"	"0.34"	"2.6"	"0.0587559047725371"
"627"	"1"	"GLSS-SM-R064-TP-01-NB-01D-WXS"	"0.57"	"2"	"0.0564411239255281"
"628"	"1"	"GLSS-MD-0002-TP-01-NB-01D-WGS"	"0.97"	"4.1"	"0.0559678901905003"
"629"	"1"	"GLSS-MD-0140-R1-01-NB-01D-WXS"	"0.31"	"6.8"	"0.053773266122374"
"630"	"1"	"TCGA-19-4065-R1-02-NB-01D-WXS"	"0.34"	"7"	"0.0536330445210866"
"631"	"1"	"GLSS-AT-00P1-R1-01-NB-01D-WXS"	"0.22"	"2.6"	"0.0530982455678989"
"632"	"1"	"GLSS-SM-R065-R1-01-NB-01D-WXS"	"0.15"	"2"	"0.0525978673701492"
"633"	"1"	"TCGA-06-0211-R1-03-NB-01D-WXS"	"0.95"	"7"	"0.0519388308462204"
"634"	"1"	"TCGA-06-0171-TP-03-NB-01D-WXS"	"0.99"	"6.3"	"0.051001177084691"
"635"	"1"	"GLSS-MD-0082-TP-01-NB-01D-WXS"	"0.33"	"2"	"0.0503994350129926"
"636"	"1"	"GLSS-19-0270-R1-01-NB-01D-WXS"	"0.12"	"2.5"	"0.050092799183958"
"637"	"1"	"TCGA-06-0221-TP-02-NB-01D-WXS"	"0.84"	"7"	"0.0496571990198895"
"638"	"1"	"GLSS-MG-0009-TP-01-NM-01D-WXS"	"0.18"	"2.4"	"0.0483208609459433"
"639"	"1"	"GLSS-19-0266-TP-01-NB-02D-WXS"	"0.98"	"5"	"0.0478275234271056"
"640"	"1"	"GLSS-SM-R108-TP-01-NB-01D-WXS"	"0.33"	"3"	"0.0455500748892846"
"641"	"1"	"GLSS-MD-0093-R1-01-NB-01D-WXS"	"0.29"	"2.2"	"0.0438014210541584"
"642"	"1"	"TCGA-06-0125-R1-02-NB-01D-WXS"	"0.7"	"7"	"0.0437130677468245"
"643"	"1"	"GLSS-LU-00C4-TP-01-NB-01D-WXS"	"0.7"	"3.2"	"0.0417829832229815"
"644"	"1"	"GLSS-LU-00C4-R1-01-NB-01D-WXS"	"0.55"	"3.8"	"0.0404882076707493"
"645"	"1"	"GLSS-SU-0002-TP-01-NB-01D-WXS"	"0.15"	"5.1"	"0.0381968986831071"
"646"	"1"	"TCGA-06-0211-R2-02-NB-01D-WXS"	"0.94"	"7"	"0.0380226886067791"
"647"	"1"	"TCGA-06-0152-R1-02-NB-01D-WXS"	"0.97"	"6.9"	"0.0377957752791614"
"648"	"1"	"TCGA-DU-5872-R1-21-NB-01D-WGS"	"0.12"	"2.5"	"0.0369102716080762"
"649"	"1"	"GLSS-LU-00A1-R1-01-NB-01D-WXS"	"0.28"	"2.1"	"0.0342111217776025"
"650"	"1"	"TCGA-DU-5872-R1-21-NB-01D-WXS"	"0.13"	"3.1"	"0.0331071678648082"
"651"	"1"	"GLSS-MD-0094-TP-01-NB-01D-WXS"	"0.81"	"2"	"0.0328728526678688"
"652"	"1"	"GLSS-SU-0005-R2-01-NB-01D-WXS"	"0.25"	"2.3"	"0.0300256794564604"
"653"	"1"	"TCGA-19-4065-TP-02-NB-01D-WXS"	"0.91"	"5.5"	"0.029806636721549"
"654"	"1"	"GLSS-19-0267-R1-01-NB-01D-WXS"	"0.9"	"6.4"	"0.0281625489330443"
"655"	"1"	"GLSS-SF-0339-R1-01-NB-01D-WXS"	"0.36"	"3.8"	"0.0265847838673047"
"656"	"1"	"GLSS-SU-0002-R3-01-NB-01D-WXS"	"0.94"	"5.6"	"0.0258528857244686"
"657"	"1"	"GLSS-AT-00P6-R1-01-NB-01D-WXS"	"0.82"	"2.4"	"0.0226229079337665"
"658"	"1"	"GLSS-SU-0202-R1-01-NB-01D-WXS"	"0.72"	"5.8"	"0.0187167159696501"
"659"	"1"	"GLSS-LU-00C1-R1-01-NB-01D-WXS"	"0.39"	"4"	"0.0168499222113748"
"660"	"1"	"GLSS-MG-0008-R1-01-NM-01D-WXS"	"0.89"	"3.2"	"0.0136741080061191"
"661"	"1"	"GLSS-SU-0239-R1-01-NB-01D-WXS"	"0.78"	"4.8"	"0.0125352821702761"
"662"	"1"	"GLSS-MD-0007-R1-01-NB-01D-WGS"	"0.68"	"5.7"	"0.0117346727335716"
"663"	"1"	"GLSS-SF-0011-TP-01-NM-01D-WXS"	"0.87"	"2.1"	"0.00901810914230485"
"664"	"1"	"GLSS-SM-R103-TP-01-NB-01D-WXS"	"0.26"	"5.7"	"0.00476998429494672"
"665"	"1"	"GLSS-HK-0005-R1-01-NB-01D-WGS"	"0.58"	"5.6"	"0.00300735413812218"
"666"	"1"	"GLSS-SF-0157-R1-01-NB-01D-WXS"	"0.91"	"2.5"	"0.00176551511992091"
"667"	"1"	"TCGA-06-0190-R1-01-NB-01D-WGS"	"0.6"	"6.1"	"0.000600691206392088"
"668"	"1"	"GLSS-HK-0005-TP-01-NB-01D-WGS"	"0.81"	"3.6"	"0.000547786764709066"
"669"	"1"	"GLSS-19-0279-TP-01-NB-01D-WXS"	"0.97"	"2.3"	"0.000079044786906515"
"670"	"1"	"GLSS-SM-R060-TP-01-NB-01D-WXS"	"0.27"	"5.7"	"0.00000617501981269802"
"671"	"1"	"GLSS-HK-0001-R1-01-NB-01D-WXS"	"0.5"	"6"	"0.0000000012601800127901"
"672"	"1"	"TCGA-06-0152-TP-02-NB-01D-WXS"	"0.39"	"5.6"	"0.00000000122966348309159"
"673"	"1"	"GLSS-MG-0014-M1-01-NM-01D-WXS"	"0.92"	"5.6"	"1.07856723054301e-17"
"674"	"1"	"GLSS-SM-R064-R1-01-NB-01D-WXS"	"0.78"	"1.9"	"5.01451044079349e-23"
"675"	"1"	"GLSS-SF-0025-R1-01-NB-01D-WXS"	"0.93"	"3.8"	"6.65360349880629e-26"
"676"	"1"	"GLSS-MG-0001-TP-01-NM-01D-WXS"	"0.91"	"3.6"	"4.57530815626009e-26"
"677"	"1"	"TCGA-06-0190-R1-02-NB-01D-WXS"	"0.85"	"1.1"	"2.08079197837654e-31"
"678"	"1"	"GLSS-DK-0002-TP-01-NB-01D-WXS"	"0.42"	"6"	"1.25607938720219e-32"
"679"	"1"	"TCGA-14-1034-R1-01-NB-01D-WGS"	"0.95"	"1.9"	"9.62068919176391e-34"
"680"	"1"	"GLSS-HF-3016-R1-01-NB-28D-WGS"	"0.79"	"5.5"	"5.9363903679426e-36"
"681"	"1"	"GLSS-CU-P003-R1-01-NB-01D-WXS"	"0.15"	"3.6"	"0.039632380022437"
"682"	"1"	"GLSS-CU-P003-TP-01-NB-01D-WXS"	"0.5"	"3.7"	"0.296133674844942"
"683"	"1"	"GLSS-CU-P013-R1-01-NB-01D-WXS"	"0.71"	"2.2"	"0.426283416119884"
"684"	"1"	"GLSS-CU-P013-R2-01-NB-01D-WXS"	"0.72"	"2.1"	"0.384995337745314"
"685"	"1"	"GLSS-CU-P013-R3-01-NB-01D-WXS"	"0.63"	"2.1"	"0.404226486722906"
"686"	"1"	"GLSS-CU-P020-R1-01-NB-01D-WXS"	"0.45"	"2.2"	"0.353423508976999"
"687"	"1"	"GLSS-CU-P020-R2-01-NB-01D-WXS"	"0.35"	"2.2"	"0.203653566745961"
"688"	"1"	"GLSS-CU-P020-R3-01-NB-01D-WXS"	"0.48"	"2.2"	"0.365310940784548"
"689"	"1"	"GLSS-CU-P021-R1-01-NB-01D-WXS"	"0.51"	"2.2"	"0.378738215572641"
"690"	"1"	"GLSS-CU-P021-R2-01-NB-01D-WXS"	"0.29"	"2.5"	"0.165754880523329"
"691"	"1"	"GLSS-CU-P021-TP-01-NB-01D-WXS"	"0.84"	"2.2"	"0.423757668273978"
"692"	"1"	"GLSS-CU-P024-R1-01-NB-01D-WXS"	"0.61"	"1.9"	"0.281080320414401"
"693"	"1"	"GLSS-CU-P024-R2-01-NB-01D-WXS"	"0.47"	"2.2"	"0.188537433752174"
"694"	"1"	"GLSS-CU-P024-TP-01-NB-01D-WXS"	"0.51"	"2.2"	"0.249783414054245"
"695"	"1"	"GLSS-CU-P025-R1-01-NB-01D-WXS"	"0.45"	"5.9"	"0.164272227695293"
"696"	"1"	"GLSS-CU-P025-R2-01-NB-01D-WXS"	"0.86"	"2.1"	"0.372466474671114"
"697"	"1"	"GLSS-CU-P046-R1-01-NB-01D-WXS"	"0.24"	"2.6"	"0.0189315653206098"
"698"	"1"	"GLSS-CU-P046-TP-01-NB-01D-WXS"	"0.74"	"4"	"0.715600152706558"
"699"	"1"	"GLSS-CU-P053-R1-01-NB-01D-WXS"	"0.26"	"2.2"	"0.140988358896166"
"700"	"1"	"GLSS-CU-P053-R2-01-NB-01D-WXS"	"0.36"	"2.3"	"0.109165346324578"
"701"	"1"	"GLSS-CU-P053-R2-02-NB-01D-WXS"	"0.54"	"2.1"	"0.34046640910204"
"702"	"1"	"GLSS-CU-P053-TP-01-NB-01D-WXS"	"0.49"	"2.3"	"0.322353877985031"
"703"	"1"	"GLSS-CU-P055-R1-01-NB-01D-WXS"	"0.65"	"2.5"	"0.365725624254553"
"704"	"1"	"GLSS-CU-P055-R2-01-NB-01D-WXS"	"0.52"	"2.4"	"0.391469551934353"
"705"	"1"	"GLSS-CU-P055-TP-01-NB-01D-WXS"	"0.8"	"2.7"	"0.655250196009077"
"706"	"1"	"GLSS-CU-P056-R1-01-NB-01D-WXS"	"0.34"	"2.2"	"0.0469829518386168"
"707"	"1"	"GLSS-CU-P056-R2-01-NB-01D-WXS"	"0.89"	"2.8"	"0.53036902343863"
"708"	"1"	"GLSS-CU-P069-R1-01-NB-01D-WXS"	"0.3"	"2.1"	"0.198286105581079"
"709"	"1"	"GLSS-CU-P069-TP-01-NB-01D-WXS"	"0.84"	"2.4"	"0.567628437154602"
"710"	"1"	"GLSS-CU-P071-R1-01-NB-01D-WXS"	"0.27"	"2.7"	"0.196738706769946"
"711"	"1"	"GLSS-CU-P071-TP-01-NB-01D-WXS"	"0.52"	"2.7"	"0.389967101053478"
"712"	"1"	"GLSS-CU-P100-R1-01-NB-01D-WXS"	"0.55"	"2.1"	"0.486466625446641"
"713"	"1"	"GLSS-CU-P100-R2-01-NB-01D-WXS"	"0.92"	"2.2"	"0.200052824841733"
"714"	"1"	"GLSS-CU-P101-R1-01-NB-01D-WXS"	"0.79"	"2.1"	"0.622269123146258"
"715"	"1"	"GLSS-CU-P101-R1-02-NB-01D-WXS"	"0.7"	"2.1"	"0.488034165114543"
"716"	"1"	"GLSS-CU-P101-TP-01-NB-01D-WXS"	"0.62"	"2"	"0.37282046355498"
"717"	"1"	"GLSS-CU-P102-R1-01-NB-01D-WXS"	"0.34"	"2.2"	"0.0368602491307895"
"718"	"1"	"GLSS-CU-P102-TP-01-NB-01D-WXS"	"0.52"	"2"	"0.334824981563733"
"719"	"1"	"GLSS-HF-1CCD-R1-01-NB-01D-WXS"	"0.79"	"2.1"	"0.1212405960431"
"720"	"1"	"GLSS-HF-1CCD-R2-01-NB-01D-WXS"	"0.46"	"2.2"	"0.276334912812149"
"721"	"1"	"GLSS-HF-1DDC-R1-01-NB-01D-WXS"	"0.83"	"2.1"	"0.111593517876024"
"722"	"1"	"GLSS-HF-1DDC-TP-01-NB-01D-WXS"	"0.85"	"2.1"	"0.188722678873861"
"723"	"1"	"GLSS-HF-47E9-R1-01-NB-01D-WXS"	"0.63"	"2.5"	"0.286454402026698"
"724"	"1"	"GLSS-HF-47E9-TP-01-NB-01D-WXS"	"0.89"	"2.1"	"0.731935884623621"
"725"	"1"	"GLSS-HF-4B46-R1-01-NB-01D-WXS"	"0.95"	"2.3"	"0.535755039555074"
"726"	"1"	"GLSS-HF-4B46-TP-01-NB-01D-WXS"	"0.68"	"5.8"	"0.13445664307771"
"727"	"1"	"GLSS-HF-4D9A-R1-01-NB-01D-WXS"	"0.75"	"2.4"	"0.031305059105657"
"728"	"1"	"GLSS-HF-4D9A-TP-01-NB-01D-WXS"	"0.43"	"2.2"	"0.291078011113129"
"729"	"1"	"GLSS-HF-4F0A-R1-01-NB-01D-WXS"	"0.65"	"2.1"	"0.0889205038930915"
"730"	"1"	"GLSS-HF-4F0A-R2-01-NB-01D-WXS"	"0.96"	"2.1"	"0.782508762025457"
"731"	"1"	"GLSS-HF-4F0A-TP-01-NB-01D-WXS"	"0.75"	"2.2"	"0.10427236772759"
"732"	"1"	"GLSS-HF-4FBF-R1-01-NB-01D-WXS"	"0.74"	"4.1"	"0.0324043024779514"
"733"	"1"	"GLSS-HF-4FBF-R2-01-NB-01D-WXS"	"0.85"	"2.6"	"0.358153827772645"
"734"	"1"	"GLSS-HF-50F3-R2-01-NB-01D-WXS"	"0.43"	"2.8"	"0.105115531796313"
"735"	"1"	"GLSS-HF-50F3-TP-01-NB-01D-WXS"	"0.94"	"3.4"	"0.0476008992816312"
"736"	"1"	"GLSS-HF-57AE-R1-01-NB-01D-WXS"	"0.33"	"2.1"	"0.11948332385626"
"737"	"1"	"GLSS-HF-57AE-R2-01-NB-01D-WXS"	"0.88"	"2.2"	"0.4723164389904"
"738"	"1"	"GLSS-HF-57AE-TP-01-NB-01D-WXS"	"0.53"	"2.2"	"0.0402676466427627"
"739"	"1"	"GLSS-HF-6504-R1-01-NB-01D-WXS"	"0.3"	"2.3"	"0.219975562157064"
"740"	"1"	"GLSS-HF-6504-TP-01-NB-01D-WXS"	"0.35"	"2.1"	"0.161785835221585"
"741"	"1"	"GLSS-HF-6658-R1-01-NB-01D-WXS"	"0.72"	"2"	"0.302001496809958"
"742"	"1"	"GLSS-HF-6658-TP-01-NB-01D-WXS"	"0.68"	"2.1"	"0.306864804412713"
"743"	"1"	"GLSS-HF-753F-R2-01-NB-01D-WXS"	"0.83"	"2.7"	"0.346931923797526"
"744"	"1"	"GLSS-HF-753F-R4-01-NB-01D-WXS"	"0.66"	"2.2"	"0.0953927172038407"
"745"	"1"	"GLSS-HF-753F-R5-01-NB-01D-WXS"	"0.84"	"2.5"	"0.39604536132209"
"746"	"1"	"GLSS-HF-7CAC-R1-01-NB-01D-WXS"	"0.78"	"2.9"	"0.429518899164794"
"747"	"1"	"GLSS-HF-7CAC-TP-01-NB-01D-WXS"	"0.57"	"2.3"	"0.330874752332656"
"748"	"1"	"GLSS-HF-8FCD-R1-01-NB-01D-WXS"	"0.79"	"2.7"	"0.317855052307728"
"749"	"1"	"GLSS-HF-8FCD-TP-01-NB-01D-WXS"	"0.1"	"6.2"	"0.061678838430564"
"750"	"1"	"GLSS-HF-9A7A-R1-01-NB-01D-WXS"	"0.49"	"3.2"	"0.211235773245318"
"751"	"1"	"GLSS-HF-9A7A-R2-01-NB-01D-WXS"	"0.8"	"4.1"	"0.0719945847421117"
"752"	"1"	"GLSS-HF-9A7A-TP-01-NB-01D-WXS"	"0.66"	"3.6"	"0.277524151111261"
"753"	"1"	"GLSS-HF-B30B-R2-01-NB-01D-WXS"	"0.82"	"2.6"	"0.40052283573712"
"754"	"1"	"GLSS-HF-B30B-TP-01-NB-01D-WXS"	"0.75"	"2.7"	"0.38432268694478"
"755"	"1"	"GLSS-HF-B92C-R2-01-NB-01D-WXS"	"0.8"	"5.2"	"0.0766944902524615"
"756"	"1"	"GLSS-HF-B92C-TP-01-NB-01D-WXS"	"0.68"	"2.6"	"0.58516357886206"
"757"	"1"	"GLSS-HF-B972-R1-01-NB-01D-WXS"	"0.6"	"2.4"	"0.365069996177154"
"758"	"1"	"GLSS-HF-B972-TP-01-NB-01D-WXS"	"0.94"	"2.2"	"0.271031425137294"
"759"	"1"	"GLSS-HF-BCDE-R3-01-NB-01D-WXS"	"0.88"	"2.1"	"0.505059950629546"
"760"	"1"	"GLSS-HF-BCDE-TP-01-NB-01D-WXS"	"0.92"	"2.3"	"0.661572883430576"
"761"	"1"	"GLSS-HF-DCED-R1-01-NB-01D-WXS"	"0.96"	"3"	"0.997228517934652"
"762"	"1"	"GLSS-HF-DCED-R2-01-NB-01D-WXS"	"0.84"	"2.5"	"0.293898906010763"
"763"	"1"	"GLSS-HF-DE05-R1-01-NB-01D-WXS"	"0.82"	"2.5"	"0.441522126006065"
"764"	"1"	"GLSS-HF-DE05-TP-01-NB-01D-WXS"	"0.86"	"2.7"	"0.660489606537872"
"765"	"1"	"GLSS-HF-DF35-R1-01-NB-01D-WXS"	"0.35"	"2.1"	"0.154751341886183"
"766"	"1"	"GLSS-HF-DF35-TP-01-NB-01D-WXS"	"0.9"	"2.4"	"0.526998387951104"
"767"	"1"	"GLSS-HF-E6BA-R1-01-NB-01D-WXS"	"0.7"	"2.2"	"0.16153942152933"
"768"	"1"	"GLSS-HF-E6BA-R2-01-NB-01D-WXS"	"0.83"	"2.6"	"0.410129225747785"
"769"	"1"	"GLSS-HF-EE74-R1-01-NB-01D-WXS"	"0.64"	"7"	"0.0934016492518835"
"770"	"1"	"GLSS-HF-EE74-TP-01-NB-01D-WXS"	"0.64"	"4.2"	"0.275804242849035"
"771"	"1"	"GLSS-HF-EE77-R1-01-NB-01D-WXS"	"0.38"	"2.3"	"0.226029865858917"
"772"	"1"	"GLSS-HF-EE77-R2-01-NB-01D-WXS"	"0.38"	"2.1"	"0.0631071734224183"
"773"	"1"	"GLSS-HF-EE77-R3-01-NB-01D-WXS"	"0.66"	"2.2"	"0.440368507484025"
"774"	"1"	"GLSS-HF-F922-R1-01-NB-01D-WXS"	"0.8"	"4.9"	"0.0838183064207936"
"775"	"1"	"GLSS-HF-F922-R2-01-NB-01D-WXS"	"0.82"	"6.2"	"0.0700053042861077"
"776"	"1"	"GLSS-HF-F922-TP-01-NB-01D-WXS"	"0.87"	"5.8"	"0.199615778364118"
